raw_dimension_x,raw_dimension_y,raw_dimension_z,raw_voxel_size_x,raw_voxel_size_y,raw_voxel_size_z,raw_max_b,raw_neighbor_corr,raw_num_bad_slices,raw_num_directions,t1_dimension_x,t1_dimension_y,t1_dimension_z,t1_voxel_size_x,t1_voxel_size_y,t1_voxel_size_z,t1_max_b,t1_neighbor_corr,t1_num_bad_slices,t1_num_directions,mean_fd,max_fd,max_rotation,max_translation,max_rel_rotation,max_rel_translation,t1_dice_distance,file_name,subject_id,session_id,task_id,acq_id,space_id,rec_id,run_id
128.0,128.0,70.0,1.875,1.875,2.0,1005.0,0.886777,0.0,71.0,97.0,116.0,98.0,2.0,2.0,2.0,1005.0,0.9256989999999999,0.0,71.0,0.36956071867042856,1.2347311088700001,0.02234129608,0.6305049568,0.01103854832,0.4863775189600001,0.025135579108440786,sub-80208_ses-PNC1,sub-80208,ses-PNC1,,,,,
128.0,128.0,70.0,1.875,1.875,2.0,1005.0,0.921499,0.0,71.0,97.0,116.0,98.0,2.0,2.0,2.0,1005.0,0.939206,0.0,71.0,0.22718281281417,0.7467269987750002,0.005576677155000001,0.3880877024,0.003126491443,0.4222868195,0.025544803413593414,sub-130346_ses-PNC1,sub-130346,ses-PNC1,,,,,
128.0,128.0,70.0,1.875,1.875,2.0,1005.0,0.895184,0.0,71.0,97.0,116.0,98.0,2.0,2.0,2.0,1005.0,0.929351,0.0,71.0,0.26156252580847145,0.85044067973,0.01708388701,0.5750026166,0.004266466945,0.42101381322,0.016362492133417242,sub-122430_ses-PNC1,sub-122430,ses-PNC1,,,,,
128.0,128.0,70.0,1.875,1.875,2.0,1005.0,0.8884219999999999,0.0,71.0,97.0,116.0,98.0,2.0,2.0,2.0,1005.0,0.9314450000000001,0.0,71.0,0.2278081434698771,0.82276108677,0.009738043882,0.560985765,0.002325979526999998,0.3996107908,0.012164139109778531,sub-100482_ses-PNC1,sub-100482,ses-PNC1,,,,,
128.0,128.0,70.0,1.875,1.875,2.0,1005.0,0.874878,0.0,71.0,97.0,116.0,98.0,2.0,2.0,2.0,1005.0,0.9342719999999999,0.0,71.0,0.4848249581808286,2.8141326298540004,0.05084501579,1.578212418,0.02984477207,0.5118684946000001,0.017312906281645054,sub-118276_ses-PNC1,sub-118276,ses-PNC1,,,,,
128.0,128.0,70.0,1.875,1.875,2.0,1005.0,0.745071,24.0,71.0,97.0,116.0,98.0,2.0,2.0,2.0,1005.0,0.912063,0.0,71.0,0.8204469894376858,4.23218767033,0.04841114580999999,1.112057669,0.041651234965,1.0131121662999998,0.02094807334262626,sub-82962_ses-PNC1,sub-82962,ses-PNC1,,,,,
128.0,128.0,70.0,1.875,1.875,2.0,1005.0,0.690179,5.0,71.0,97.0,116.0,98.0,2.0,2.0,2.0,1005.0,0.897915,0.0,71.0,1.054164199075843,7.948709859961499,0.1138480976,4.5880843030000005,0.06478040177496001,1.9538418210000008,0.018695656905313787,sub-122879_ses-PNC1,sub-122879,ses-PNC1,,,,,
128.0,128.0,70.0,1.875,1.875,2.0,1005.0,0.883187,0.0,71.0,97.0,116.0,98.0,2.0,2.0,2.0,1005.0,0.934651,0.0,71.0,0.2967553176294571,0.6853226467399997,0.01793246716,1.084834861,0.002090661088,0.4250399458,0.02315928449137671,sub-98529_ses-PNC1,sub-98529,ses-PNC1,,,,,
128.0,128.0,70.0,1.875,1.875,2.0,1005.0,0.7462300000000001,3.0,71.0,97.0,116.0,98.0,2.0,2.0,2.0,1005.0,0.9102120000000001,0.0,71.0,0.9090396066865,7.372358756499999,0.06497052312000001,9.812379959,0.028845322320000005,4.475389250699998,0.03164299186054526,sub-112781_ses-PNC1,sub-112781,ses-PNC1,,,,,
128.0,128.0,70.0,1.875,1.875,2.0,1005.0,0.778393,0.0,71.0,97.0,116.0,98.0,2.0,2.0,2.0,1005.0,0.923127,0.0,71.0,0.30777011106402136,0.6603047008115001,0.051379509270000005,2.155591515,0.0031873863200000013,0.3465269385,0.012561551044666688,sub-93406_ses-PNC1,sub-93406,ses-PNC1,,,,,
128.0,128.0,70.0,1.875,1.875,2.0,1005.0,0.8758299999999999,0.0,71.0,97.0,116.0,98.0,2.0,2.0,2.0,1005.0,0.937566,0.0,71.0,0.3136161435002485,1.14054673399,0.023906480519999995,0.4273823085,0.006603293119999997,0.414253915344,0.020438363599589338,sub-115799_ses-PNC1,sub-115799,ses-PNC1,,,,,
128.0,128.0,70.0,1.875,1.875,2.0,1005.0,0.897175,0.0,71.0,97.0,116.0,98.0,2.0,2.0,2.0,1005.0,0.944493,0.0,71.0,0.17315114503243145,0.390199708285,0.001722884597,0.2224573591,0.0017738612950999996,0.1891507921014,0.015583530735285962,sub-90116_ses-PNC1,sub-90116,ses-PNC1,,,,,
128.0,128.0,70.0,1.875,1.875,2.0,1005.0,0.860247,0.0,71.0,97.0,116.0,98.0,2.0,2.0,2.0,1005.0,0.9411120000000001,0.0,71.0,0.2758620563659143,2.2438124434500004,0.0185316857,0.8505179701999999,0.016319055580000002,0.5972755013999999,0.023657787634343088,sub-87209_ses-PNC1,sub-87209,ses-PNC1,,,,,
128.0,128.0,70.0,1.875,1.875,2.0,1005.0,0.886702,0.0,71.0,97.0,116.0,98.0,2.0,2.0,2.0,1005.0,0.9349780000000001,0.0,71.0,0.29992844829769433,0.7180675056449999,0.006026474759,0.4939347058,0.007043067366,0.43591969633999994,0.025940869469422603,sub-131085_ses-PNC1,sub-131085,ses-PNC1,,,,,
128.0,128.0,70.0,1.875,1.875,2.0,1005.0,0.902982,0.0,71.0,97.0,116.0,98.0,2.0,2.0,2.0,1005.0,0.9399280000000001,2.0,71.0,0.4270314846839857,1.3614600086250002,0.01955397055,0.7993451353999999,0.0061673680025,0.5502325979,0.024206816787302552,sub-118615_ses-PNC1,sub-118615,ses-PNC1,,,,,
128.0,128.0,70.0,1.875,1.875,2.0,1005.0,0.890309,1.0,71.0,97.0,116.0,98.0,2.0,2.0,2.0,1005.0,0.929631,2.0,71.0,0.3598478562370571,0.9487566032550004,0.01172402408,0.3788896303,0.0098523609347,0.4152035549,0.016803733568687234,sub-119632_ses-PNC1,sub-119632,ses-PNC1,,,,,
128.0,128.0,70.0,1.875,1.875,2.0,1005.0,0.8999729999999999,0.0,71.0,97.0,116.0,98.0,2.0,2.0,2.0,1005.0,0.935868,0.0,71.0,0.2874588279580073,1.02094323349,0.01344411075,0.4499305703,0.005048904801,0.33697986173999994,0.01973260684996688,sub-95257_ses-PNC1,sub-95257,ses-PNC1,,,,,
128.0,128.0,70.0,1.875,1.875,2.0,1005.0,0.851765,1.0,71.0,97.0,116.0,98.0,2.0,2.0,2.0,1005.0,0.9370700000000001,0.0,71.0,0.3004324509678714,1.159149392404,0.007359476294,0.6758410195000001,0.0054411462628999995,0.6781150877690001,0.015098128206186138,sub-131702_ses-PNC1,sub-131702,ses-PNC1,,,,,
128.0,128.0,70.0,1.875,1.875,2.0,1005.0,0.8826430000000001,2.0,71.0,97.0,116.0,98.0,2.0,2.0,2.0,1005.0,0.927527,0.0,71.0,0.5287681679992571,1.466193762685,0.024371357630000003,1.841401865,0.0082299167261,0.6345096800000001,0.029048089450743813,sub-122437_ses-PNC1,sub-122437,ses-PNC1,,,,,
128.0,128.0,70.0,1.875,1.875,2.0,1005.0,0.906244,0.0,71.0,97.0,116.0,98.0,2.0,2.0,2.0,1005.0,0.938967,0.0,71.0,0.23592478667052855,0.548060256,0.005455442239000001,0.4307866784,0.0013213525520000002,0.29321041649999996,0.02420515231044433,sub-85822_ses-PNC1,sub-85822,ses-PNC1,,,,,
128.0,128.0,70.0,1.875,1.875,2.0,1005.0,0.8855860000000001,0.0,71.0,97.0,116.0,98.0,2.0,2.0,2.0,1005.0,0.9351149999999999,0.0,71.0,0.18922271371427146,0.6063555822430001,0.008134257047999999,0.3757903551,0.001687774434999999,0.2925927416,0.020864040376970837,sub-118513_ses-PNC1,sub-118513,ses-PNC1,,,,,
128.0,128.0,70.0,1.875,1.875,2.0,1005.0,0.8748790000000001,0.0,71.0,97.0,116.0,98.0,2.0,2.0,2.0,1005.0,0.9420950000000001,0.0,71.0,0.25790481722441,0.68441921209585,0.0062727248300000005,0.6399257088,0.0017024130210999998,0.4402139422,0.023180224104011632,sub-125535_ses-PNC1,sub-125535,ses-PNC1,,,,,
128.0,128.0,70.0,1.875,1.875,2.0,1005.0,0.785169,30.0,71.0,97.0,116.0,98.0,2.0,2.0,2.0,1005.0,0.9191809999999999,0.0,71.0,0.7416451494642231,3.525785929925,0.031964376569999994,1.258944612,0.04137356579,1.1386140404,0.022076290988394736,sub-87530_ses-PNC1,sub-87530,ses-PNC1,,,,,
128.0,128.0,70.0,1.875,1.875,2.0,1005.0,0.8671260000000001,0.0,71.0,97.0,116.0,98.0,2.0,2.0,2.0,1005.0,0.9340370000000001,0.0,71.0,0.2839256784491987,0.72804765889,0.009935878217000002,0.5760520264999999,0.005110465223,0.335037511,0.01799381744631743,sub-84050_ses-PNC1,sub-84050,ses-PNC1,,,,,
128.0,128.0,70.0,1.875,1.875,2.0,1005.0,0.905495,0.0,71.0,97.0,116.0,98.0,2.0,2.0,2.0,1005.0,0.9377040000000001,0.0,71.0,0.2513890504581656,0.5948639384975,0.006552816369,0.372472345,0.0034548729873500003,0.39632745829000005,0.017028938825917675,sub-81043_ses-PNC1,sub-81043,ses-PNC1,,,,,
128.0,128.0,70.0,1.875,1.875,2.0,1005.0,0.839987,0.0,71.0,97.0,116.0,98.0,2.0,2.0,2.0,1005.0,0.921811,0.0,71.0,0.6696170152587144,2.2375391571000005,0.04370613769,0.8261268526999999,0.01872614585,0.6179540445,0.020005512573153767,sub-86972_ses-PNC1,sub-86972,ses-PNC1,,,,,
128.0,128.0,70.0,1.875,1.875,2.0,1005.0,0.8754790000000001,0.0,71.0,97.0,116.0,98.0,2.0,2.0,2.0,1005.0,0.925602,0.0,71.0,0.3351204177758285,0.9744944885000002,0.01608371176,0.992142538,0.004904057831,0.4772578269999998,0.020109152470136973,sub-113401_ses-PNC1,sub-113401,ses-PNC1,,,,,
128.0,128.0,70.0,1.875,1.875,2.0,1005.0,0.814543,0.0,71.0,97.0,116.0,98.0,2.0,2.0,2.0,1005.0,0.926401,0.0,71.0,0.33644930594665706,0.8461726942449997,0.06908357142999999,1.849606549,0.004909373819999997,0.5260591052,0.01865541271077095,sub-94697_ses-PNC1,sub-94697,ses-PNC1,,,,,
128.0,128.0,70.0,1.875,1.875,2.0,1005.0,0.8800790000000001,0.0,71.0,97.0,116.0,98.0,2.0,2.0,2.0,1005.0,0.9323379999999999,0.0,71.0,0.3728588772807428,1.01352206241,0.02835945785,0.5480210231000001,0.01059479639,0.42516629751,0.02311932147081771,sub-89653_ses-PNC1,sub-89653,ses-PNC1,,,,,
128.0,128.0,70.0,1.875,1.875,2.0,1005.0,0.58854,36.0,71.0,97.0,116.0,98.0,2.0,2.0,2.0,1005.0,0.908608,0.0,71.0,0.9054150485635714,6.141932253799999,0.12515127660000006,3.111628143,0.05931790732000001,1.0680750514,0.01884469498522601,sub-85083_ses-PNC1,sub-85083,ses-PNC1,,,,,
128.0,128.0,70.0,1.875,1.875,2.0,1005.0,0.682736,1.0,71.0,97.0,116.0,98.0,2.0,2.0,2.0,1005.0,0.939944,0.0,71.0,0.6480379265427559,4.935075976035,0.140874207,3.567574744,0.05073251179,2.092131728,0.028681940565018563,sub-104059_ses-PNC1,sub-104059,ses-PNC1,,,,,
128.0,128.0,70.0,1.875,1.875,2.0,1005.0,0.904424,0.0,71.0,97.0,116.0,98.0,2.0,2.0,2.0,1005.0,0.940433,0.0,71.0,0.21716160003674,0.4528862202150001,0.004966423847000001,0.4113696193,0.0025725220916,0.273941052844,0.02197672357771608,sub-106473_ses-PNC1,sub-106473,ses-PNC1,,,,,
128.0,128.0,70.0,1.875,1.875,2.0,1005.0,0.8548379999999999,0.0,71.0,97.0,116.0,98.0,2.0,2.0,2.0,1005.0,0.9521040000000001,1.0,71.0,0.32793916140968576,1.21045426008,0.01261123642,0.9717376662000002,0.003720076522,0.5516466286800001,0.013729394268874836,sub-84171_ses-PNC1,sub-84171,ses-PNC1,,,,,
128.0,128.0,70.0,1.875,1.875,2.0,1005.0,0.882875,3.0,71.0,97.0,116.0,98.0,2.0,2.0,2.0,1005.0,0.9453370000000001,0.0,71.0,0.25233847198946424,2.029234393595,0.008727016859,0.7558631167000001,0.01091406378,0.7583129813430001,0.029156152932179876,sub-94276_ses-PNC1,sub-94276,ses-PNC1,,,,,
128.0,128.0,70.0,1.875,1.875,2.0,1005.0,0.8576219999999999,0.0,71.0,97.0,116.0,98.0,2.0,2.0,2.0,1005.0,0.9378639999999999,0.0,71.0,0.24310477362474575,0.6151556699799999,0.01584675536,1.13224975,0.00291864539,0.2051635768,0.020282881677072127,sub-83423_ses-PNC1,sub-83423,ses-PNC1,,,,,
128.0,128.0,70.0,1.875,1.875,2.0,1005.0,0.875066,0.0,71.0,97.0,116.0,98.0,2.0,2.0,2.0,1005.0,0.930425,0.0,71.0,0.27028953711943565,0.7150353805549999,0.01212919317,0.6925483438,0.004253745661,0.30972948440000003,0.018053088096979832,sub-122451_ses-PNC1,sub-122451,ses-PNC1,,,,,
128.0,128.0,70.0,1.875,1.875,2.0,1005.0,0.841002,79.0,71.0,97.0,116.0,98.0,2.0,2.0,2.0,1005.0,0.919475,0.0,71.0,0.3367377421653971,1.4910176871749,0.032590359449999995,0.7027135765000001,0.008573609403999998,0.3658954842,0.0131808095899009,sub-129525_ses-PNC1,sub-129525,ses-PNC1,,,,,
128.0,128.0,70.0,1.875,1.875,2.0,1005.0,0.881817,0.0,71.0,97.0,116.0,98.0,2.0,2.0,2.0,1005.0,0.93358,0.0,71.0,0.4229152451087143,0.8692669513480001,0.02261297219,1.793228185,0.00467149762,0.3632718073,0.018572180027869804,sub-108689_ses-PNC1,sub-108689,ses-PNC1,,,,,
128.0,128.0,70.0,1.875,1.875,2.0,1005.0,0.826767,0.0,71.0,97.0,116.0,98.0,2.0,2.0,2.0,1005.0,0.9226530000000001,0.0,71.0,0.4443547094238856,3.2284623878789995,0.02449823171,0.8923305082999999,0.029074481224,0.8463592397000002,0.020840657331272786,sub-85173_ses-PNC1,sub-85173,ses-PNC1,,,,,
128.0,128.0,70.0,1.875,1.875,2.0,1005.0,0.794979,1.0,71.0,97.0,116.0,98.0,2.0,2.0,2.0,1005.0,0.919032,0.0,71.0,0.59387644082004,3.27845655815,0.08087704331000001,2.227170553,0.02535988391000001,1.5171811735,0.017114429654196597,sub-94492_ses-PNC1,sub-94492,ses-PNC1,,,,,
128.0,128.0,70.0,1.875,1.875,2.0,1005.0,0.924549,0.0,71.0,97.0,116.0,98.0,2.0,2.0,2.0,1005.0,0.930003,0.0,71.0,0.24506052602527145,0.4655680626800001,0.006073190831000001,0.5681034762,0.002252218022,0.31813523174,0.01099038639194674,sub-88541_ses-PNC1,sub-88541,ses-PNC1,,,,,
128.0,128.0,70.0,1.875,1.875,2.0,1005.0,0.905723,0.0,71.0,97.0,116.0,98.0,2.0,2.0,2.0,1005.0,0.9405370000000001,0.0,71.0,0.2486263700593057,0.6619273756449999,0.012828437610000005,0.6221005571,0.001629735343,0.4160262255800001,0.017079061573188625,sub-81353_ses-PNC1,sub-81353,ses-PNC1,,,,,
128.0,128.0,70.0,1.875,1.875,2.0,1005.0,0.82834,0.0,71.0,97.0,116.0,98.0,2.0,2.0,2.0,1005.0,0.929176,0.0,71.0,0.2962982537695828,0.82149786552,0.02289461903,1.143928802,0.0027720830369999997,0.45820055386999997,0.02161875589066918,sub-110232_ses-PNC1,sub-110232,ses-PNC1,,,,,
128.0,128.0,70.0,1.875,1.875,2.0,1005.0,0.856891,6.0,71.0,97.0,116.0,98.0,2.0,2.0,2.0,1005.0,0.94401,0.0,71.0,0.2779965574125857,1.69571270053,0.016857627779999995,0.5294446116999999,0.016911011189,0.4974661045899999,0.01781817511773052,sub-91121_ses-PNC1,sub-91121,ses-PNC1,,,,,
128.0,128.0,70.0,1.875,1.875,2.0,1005.0,0.8658309999999999,0.0,71.0,97.0,116.0,98.0,2.0,2.0,2.0,1005.0,0.939066,0.0,71.0,0.35195184506797145,1.9591235486900005,0.02437527478,1.067658947,0.00844512415,0.9656266998299999,0.02274768235619805,sub-83358_ses-PNC1,sub-83358,ses-PNC1,,,,,
128.0,128.0,70.0,1.875,1.875,2.0,1005.0,0.8238549999999999,0.0,71.0,97.0,116.0,98.0,2.0,2.0,2.0,1005.0,0.9254129999999999,0.0,71.0,0.28241344368901433,0.9480429403,0.06249987707,1.146259961,0.01116590202,0.32373390951000003,0.013530705701811923,sub-94621_ses-PNC1,sub-94621,ses-PNC1,,,,,
128.0,128.0,70.0,1.875,1.875,2.0,1005.0,0.8891549999999999,0.0,71.0,97.0,116.0,98.0,2.0,2.0,2.0,1005.0,0.9379879999999999,0.0,71.0,0.2669952357724715,0.6932405443249998,0.02456437424,0.6551724842000001,0.0024442463179999985,0.43176126586999997,0.014204898669650629,sub-91262_ses-PNC1,sub-91262,ses-PNC1,,,,,
128.0,128.0,70.0,1.875,1.875,2.0,1005.0,0.67793,3.0,71.0,97.0,116.0,98.0,2.0,2.0,2.0,1005.0,0.898769,0.0,71.0,1.2072520658080288,8.605877139099999,0.055866654960000005,2.181979857,0.05946649798000001,3.779766411,0.015099620668066143,sub-90785_ses-PNC1,sub-90785,ses-PNC1,,,,,
128.0,128.0,70.0,1.875,1.875,2.0,1005.0,0.8828360000000001,0.0,71.0,97.0,116.0,98.0,2.0,2.0,2.0,1005.0,0.933516,0.0,71.0,0.2548829074288715,0.5681562969164998,0.04075746238,0.4668665751000001,0.0042734853900000015,0.28870967167999995,0.014510446450562747,sub-93723_ses-PNC1,sub-93723,ses-PNC1,,,,,
128.0,128.0,70.0,1.875,1.875,2.0,1005.0,0.872948,0.0,71.0,97.0,116.0,98.0,2.0,2.0,2.0,1005.0,0.942471,0.0,71.0,0.2490845657928286,0.5573670629699999,0.01810411178,0.7290580774,0.0031067067799999976,0.23386814467000006,0.01950534225212337,sub-86076_ses-PNC1,sub-86076,ses-PNC1,,,,,
128.0,128.0,70.0,1.875,1.875,2.0,1005.0,0.884519,0.0,71.0,97.0,116.0,98.0,2.0,2.0,2.0,1005.0,0.9449069999999999,0.0,71.0,0.2322684998472929,0.6893700887850001,0.01059239358,0.4795457411000001,0.0022233429486,0.2851656401,0.0336141761193453,sub-83531_ses-PNC1,sub-83531,ses-PNC1,,,,,
128.0,128.0,70.0,1.875,1.875,2.0,1005.0,0.907026,0.0,71.0,97.0,116.0,98.0,2.0,2.0,2.0,1005.0,0.931592,1.0,71.0,0.28130781192687143,3.02525662895,0.01713523827,0.9720093145999998,0.011626525777,1.2630963897999998,0.01892397496307757,sub-128208_ses-PNC1,sub-128208,ses-PNC1,,,,,
128.0,128.0,70.0,1.875,1.875,2.0,1005.0,0.908483,0.0,71.0,97.0,116.0,98.0,2.0,2.0,2.0,1005.0,0.9390850000000001,0.0,71.0,0.16588267539809712,0.387406899075,0.01157292351,0.5253266493,0.0014627855269999978,0.1575965104,0.022593702360300692,sub-127854_ses-PNC1,sub-127854,ses-PNC1,,,,,
128.0,128.0,70.0,1.875,1.875,2.0,1005.0,0.68316,11.0,71.0,97.0,116.0,98.0,2.0,2.0,2.0,1005.0,0.887165,0.0,71.0,1.2770347666915287,10.54765680874,0.09920859337,2.772668414,0.08593884202999999,2.614749532,0.01158073857695122,sub-117595_ses-PNC1,sub-117595,ses-PNC1,,,,,
128.0,128.0,70.0,1.875,1.875,2.0,1005.0,0.7630170000000001,16.0,71.0,97.0,116.0,98.0,2.0,2.0,2.0,1005.0,0.899249,0.0,71.0,1.3106192583400995,7.202627262819999,0.1175980866,2.996396077,0.06672508637,1.958751249,0.022978668257795223,sub-98311_ses-PNC1,sub-98311,ses-PNC1,,,,,
128.0,128.0,70.0,1.875,1.875,2.0,1005.0,0.874445,0.0,71.0,97.0,116.0,98.0,2.0,2.0,2.0,1005.0,0.9343870000000001,0.0,71.0,0.3521204218926,0.7492342945699999,0.02779622562,0.8909057212,0.0035643801100000046,0.3530829422,0.02393752361758408,sub-129336_ses-PNC1,sub-129336,ses-PNC1,,,,,
128.0,128.0,70.0,1.875,1.875,2.0,1005.0,0.810154,5.0,71.0,97.0,116.0,98.0,2.0,2.0,2.0,1005.0,0.9259040000000001,0.0,71.0,0.5504485039049999,2.87750534263,0.01664928719,2.106635182,0.016119111329,1.8943426164000003,0.013476983019731246,sub-110214_ses-PNC1,sub-110214,ses-PNC1,,,,,
128.0,128.0,70.0,1.875,1.875,2.0,1005.0,0.9171520000000001,0.0,71.0,97.0,116.0,98.0,2.0,2.0,2.0,1005.0,0.9394319999999999,1.0,71.0,0.25555499291438577,0.646303447036,0.008669490925999999,0.4745189478,0.00312631896693,0.30580945569999995,0.020090458390951745,sub-88486_ses-PNC1,sub-88486,ses-PNC1,,,,,
128.0,128.0,70.0,1.875,1.875,2.0,1005.0,0.9039969999999999,0.0,71.0,97.0,116.0,98.0,2.0,2.0,2.0,1005.0,0.942478,0.0,71.0,0.2547888753563129,0.531999083707,0.009194890969,0.351384167,0.0020400835210000008,0.32043939089,0.011952607416774336,sub-111848_ses-PNC1,sub-111848,ses-PNC1,,,,,
128.0,128.0,70.0,1.875,1.875,2.0,1005.0,0.89556,0.0,71.0,97.0,116.0,98.0,2.0,2.0,2.0,1005.0,0.937476,0.0,71.0,0.20239318281412852,0.595803010465,0.004258765373,0.3951462515,0.001626502141,0.33276994320000003,0.016772043216583998,sub-130034_ses-PNC1,sub-130034,ses-PNC1,,,,,
128.0,128.0,70.0,1.875,1.875,2.0,1005.0,0.6556109999999999,5.0,71.0,97.0,116.0,98.0,2.0,2.0,2.0,1005.0,0.898919,0.0,71.0,1.6240060672181431,11.72216546143,0.1532255411,8.755810534,0.06579606980000001,4.625966009,0.014117915383738168,sub-93274_ses-PNC1,sub-93274,ses-PNC1,,,,,
128.0,128.0,70.0,1.875,1.875,2.0,1005.0,0.912126,5.0,71.0,97.0,116.0,98.0,2.0,2.0,2.0,1005.0,0.932527,1.0,71.0,0.2547653544799543,0.7597474689219998,0.01253946126,0.6807724028000001,0.005771136144000001,0.4993963707,0.020141604035411136,sub-125558_ses-PNC1,sub-125558,ses-PNC1,,,,,
128.0,128.0,70.0,1.875,1.875,2.0,1005.0,0.862943,0.0,71.0,97.0,116.0,98.0,2.0,2.0,2.0,1005.0,0.9372010000000001,0.0,71.0,0.2929376115419428,0.6971340482639999,0.055497448889999995,1.138338582,0.006240990017,0.4064240384,0.017100488369918343,sub-88137_ses-PNC1,sub-88137,ses-PNC1,,,,,
128.0,128.0,70.0,1.875,1.875,2.0,1005.0,0.9143020000000001,0.0,71.0,97.0,116.0,98.0,2.0,2.0,2.0,1005.0,0.944992,0.0,71.0,0.20821376424473428,0.5565567447950001,0.00747579243,0.4881504652000001,0.0015310114249999995,0.3415180697162,0.016909232718517537,sub-112391_ses-PNC1,sub-112391,ses-PNC1,,,,,
128.0,128.0,70.0,1.875,1.875,2.0,1005.0,0.7376149999999999,0.0,71.0,97.0,116.0,98.0,2.0,2.0,2.0,1005.0,0.9118950000000001,0.0,71.0,0.9178605617385855,5.426299736190001,0.101596415,0.8968259120999998,0.051175657660000005,0.6857854589000001,0.040784099229839534,sub-111372_ses-PNC1,sub-111372,ses-PNC1,,,,,
128.0,128.0,70.0,1.875,1.875,2.0,1005.0,0.8901319999999999,0.0,71.0,97.0,116.0,98.0,2.0,2.0,2.0,1005.0,0.9246469999999999,0.0,71.0,0.2962326037286514,1.1977601484600002,0.01529741939,0.6351290445000001,0.010127729735,0.46547624719999997,0.014601871404215271,sub-106802_ses-PNC1,sub-106802,ses-PNC1,,,,,
128.0,128.0,70.0,1.875,1.875,2.0,1005.0,0.870519,0.0,71.0,97.0,116.0,98.0,2.0,2.0,2.0,1005.0,0.935312,0.0,71.0,0.43058998358826295,2.91935136005,0.0197867211,1.482287685,0.022002320508,1.3668273379,0.025993405533617443,sub-109521_ses-PNC1,sub-109521,ses-PNC1,,,,,
128.0,128.0,70.0,1.875,1.875,2.0,1005.0,0.6477689999999999,32.0,71.0,97.0,116.0,98.0,2.0,2.0,2.0,1005.0,0.786359,1.0,71.0,0.7745854380529423,10.794105753199997,0.1279506832,2.718592889,0.08973264418,1.8947346334000001,0.01975605663763121,sub-93949_ses-PNC1,sub-93949,ses-PNC1,,,,,
128.0,128.0,70.0,1.875,1.875,2.0,1005.0,0.9015120000000001,0.0,71.0,97.0,116.0,98.0,2.0,2.0,2.0,1005.0,0.939876,0.0,71.0,0.2065672113614857,0.62560914718,0.0063850115980000005,0.5209599682,0.002163010183,0.26738073186,0.01613064079579374,sub-99419_ses-PNC1,sub-99419,ses-PNC1,,,,,
128.0,128.0,70.0,1.875,1.875,2.0,1005.0,0.9131809999999999,0.0,71.0,97.0,116.0,98.0,2.0,2.0,2.0,1005.0,0.944034,0.0,71.0,0.2265560794901687,0.5641805444545002,0.002747983439,0.436731341,0.003696857253,0.3310842585,0.012706988385757671,sub-132179_ses-PNC1,sub-132179,ses-PNC1,,,,,
128.0,128.0,70.0,1.875,1.875,2.0,1005.0,0.867324,0.0,71.0,97.0,116.0,98.0,2.0,2.0,2.0,1005.0,0.936826,0.0,71.0,0.1989407979268857,0.55120576783,0.01954280958,0.3756673805,0.0023428620186,0.2679673882,0.014473541124016756,sub-103941_ses-PNC1,sub-103941,ses-PNC1,,,,,
128.0,128.0,70.0,1.875,1.875,2.0,1005.0,0.8875870000000001,0.0,71.0,97.0,116.0,98.0,2.0,2.0,2.0,1005.0,0.94237,0.0,71.0,0.2893293703537571,0.9797921443595,0.01101328246,0.7136978415999999,0.00381859342109,0.3545282339,0.022306105709120738,sub-127236_ses-PNC1,sub-127236,ses-PNC1,,,,,
128.0,128.0,70.0,1.875,1.875,2.0,1005.0,0.8720110000000001,0.0,71.0,97.0,116.0,98.0,2.0,2.0,2.0,1005.0,0.9345469999999999,0.0,71.0,0.2899667727869429,0.6443167859900001,0.01922401413,0.7094089147,0.005026716273,0.3906211275,0.021217300711367224,sub-117394_ses-PNC1,sub-117394,ses-PNC1,,,,,
128.0,128.0,70.0,1.875,1.875,2.0,1005.0,0.9015299999999999,0.0,71.0,97.0,116.0,98.0,2.0,2.0,2.0,1005.0,0.917378,0.0,71.0,0.2283825044277,0.560693358125,0.01154306717,0.4034207755,0.0016653265337999998,0.32932008331,0.02088644807143756,sub-82674_ses-PNC1,sub-82674,ses-PNC1,,,,,
128.0,128.0,70.0,1.875,1.875,2.0,1005.0,0.7777850000000001,27.0,71.0,97.0,116.0,98.0,2.0,2.0,2.0,1005.0,0.9029739999999999,0.0,71.0,0.7108508459075257,4.906789740619999,0.01980602369,4.361421018,0.025697932581,2.6402539705000003,0.022321172155561696,sub-120940_ses-PNC1,sub-120940,ses-PNC1,,,,,
128.0,128.0,70.0,1.875,1.875,2.0,1005.0,0.9169790000000001,0.0,71.0,97.0,116.0,98.0,2.0,2.0,2.0,1005.0,0.924939,0.0,71.0,0.24507087774471426,0.6273636433550001,0.01117429417,0.5323529596000001,0.002837006002,0.34377643630000004,0.012825862616096173,sub-93787_ses-PNC1,sub-93787,ses-PNC1,,,,,
128.0,128.0,70.0,1.875,1.875,2.0,1005.0,0.893043,22.0,71.0,97.0,116.0,98.0,2.0,2.0,2.0,1005.0,0.928335,0.0,71.0,0.1717788585175857,0.47618058649,0.00464214338,0.3259373747,0.0011507095770000005,0.32709224831,0.021675878712389556,sub-83832_ses-PNC1,sub-83832,ses-PNC1,,,,,
128.0,128.0,70.0,1.875,1.875,2.0,1005.0,0.833211,1.0,71.0,97.0,116.0,98.0,2.0,2.0,2.0,1005.0,0.9345549999999999,0.0,71.0,0.3293902130047,1.7469307193149999,0.016843868419999998,0.9175125078,0.0165534710657,0.37756471658,0.01823131448873304,sub-84508_ses-PNC1,sub-84508,ses-PNC1,,,,,
128.0,128.0,70.0,1.875,1.875,2.0,1005.0,0.749261,4.0,71.0,97.0,116.0,98.0,2.0,2.0,2.0,1005.0,0.925861,4.0,71.0,0.67506398445162,2.6915323570300003,0.044035300610000015,1.851743122,0.033126685764,0.6417119269999998,0.02459124183579538,sub-98902_ses-PNC1,sub-98902,ses-PNC1,,,,,
128.0,128.0,70.0,1.875,1.875,2.0,1005.0,0.85841,0.0,71.0,97.0,116.0,98.0,2.0,2.0,2.0,1005.0,0.9231010000000001,0.0,71.0,0.3005922859481,0.6696564888000001,0.009840262121999998,0.8497033256999998,0.005238385405999999,0.3294748479,0.017103542876738754,sub-104001_ses-PNC1,sub-104001,ses-PNC1,,,,,
128.0,128.0,70.0,1.875,1.875,2.0,1005.0,0.8649049999999999,0.0,71.0,97.0,116.0,98.0,2.0,2.0,2.0,1005.0,0.925425,0.0,71.0,0.34724088268150005,0.981725177451,0.029360046610000006,0.7587645577,0.007151890662000002,0.34337639876000003,0.009022383508782456,sub-91717_ses-PNC1,sub-91717,ses-PNC1,,,,,
128.0,128.0,70.0,1.875,1.875,2.0,1005.0,0.880808,0.0,71.0,97.0,116.0,98.0,2.0,2.0,2.0,1005.0,0.938465,0.0,71.0,0.27486935532941426,0.92086626961,0.0275763981,0.3960733411,0.006080814632,0.30743871998000005,0.01709133694081954,sub-81906_ses-PNC1,sub-81906,ses-PNC1,,,,,
128.0,128.0,70.0,1.875,1.875,2.0,1005.0,0.853756,0.0,71.0,97.0,116.0,98.0,2.0,2.0,2.0,1005.0,0.9324610000000001,0.0,71.0,0.28440821202541433,0.74518276945,0.007612249814000002,0.5642572444999999,0.005419291089999999,0.2353614463,0.011625318524299507,sub-81992_ses-PNC1,sub-81992,ses-PNC1,,,,,
128.0,128.0,70.0,1.875,1.875,2.0,1005.0,0.8520469999999999,0.0,71.0,97.0,116.0,98.0,2.0,2.0,2.0,1005.0,0.923696,0.0,71.0,0.3603674210951429,1.813242232775,0.02710901573,1.848094351,0.007287980053,0.8965821895000001,0.013255139168214686,sub-93808_ses-PNC1,sub-93808,ses-PNC1,,,,,
128.0,128.0,70.0,1.875,1.875,2.0,1005.0,0.9057879999999999,0.0,71.0,97.0,116.0,98.0,2.0,2.0,2.0,1005.0,0.930615,0.0,71.0,0.2593483513283858,0.7276761053100002,0.007616704795999999,0.4675864774,0.003744707181000001,0.38119700403000006,0.025855968646235915,sub-99538_ses-PNC1,sub-99538,ses-PNC1,,,,,
128.0,128.0,70.0,1.875,1.875,2.0,1005.0,0.614096,102.0,71.0,97.0,116.0,98.0,2.0,2.0,2.0,1005.0,0.9089139999999999,0.0,71.0,0.9258447764467144,13.766045061100002,0.1855552197,3.818507001,0.18008415355300003,3.2574374019,0.017980078772126876,sub-88618_ses-PNC1,sub-88618,ses-PNC1,,,,,
128.0,128.0,70.0,1.875,1.875,2.0,1005.0,0.808914,0.0,71.0,97.0,116.0,98.0,2.0,2.0,2.0,1005.0,0.94253,0.0,71.0,0.4308111270437,1.1449943218399998,0.05832075328,1.077588611,0.008333169856999995,0.3484201183999999,0.01506150277641105,sub-132097_ses-PNC1,sub-132097,ses-PNC1,,,,,
128.0,128.0,70.0,1.875,1.875,2.0,1005.0,0.90149,0.0,71.0,97.0,116.0,98.0,2.0,2.0,2.0,1005.0,0.943109,0.0,71.0,0.28250654910365713,0.7163350390800001,0.01409498136,0.8004671699,0.004285566974,0.28527691747999995,0.014446812448137737,sub-112028_ses-PNC1,sub-112028,ses-PNC1,,,,,
128.0,128.0,70.0,1.875,1.875,2.0,1005.0,0.695178,5.0,71.0,97.0,116.0,98.0,2.0,2.0,2.0,1005.0,0.870668,0.0,71.0,1.2958858909170283,9.687613177999998,0.1216051206,3.120066315,0.09166950174000003,1.538112783,0.02240609575679816,sub-109088_ses-PNC1,sub-109088,ses-PNC1,,,,,
128.0,128.0,70.0,1.875,1.875,2.0,1005.0,0.9126700000000001,0.0,71.0,97.0,116.0,98.0,2.0,2.0,2.0,1005.0,0.9360200000000001,0.0,71.0,0.22920313482280574,0.58099064139,0.008299621753,0.5096176542,0.0019436173611,0.26687222063,0.016347171005150818,sub-103679_ses-PNC1,sub-103679,ses-PNC1,,,,,
128.0,128.0,70.0,1.875,1.875,2.0,1005.0,0.8633620000000001,1.0,71.0,97.0,116.0,98.0,2.0,2.0,2.0,1005.0,0.9379040000000001,0.0,71.0,0.3664402081247,1.2057729898099998,0.033477462830000006,0.7769380783,0.011851379186,0.4549484097200001,0.01683950204296194,sub-96356_ses-PNC1,sub-96356,ses-PNC1,,,,,
128.0,128.0,70.0,1.875,1.875,2.0,1005.0,0.855526,1.0,71.0,97.0,116.0,98.0,2.0,2.0,2.0,1005.0,0.928416,0.0,71.0,0.4006522476192743,1.07467987535,0.021669147540000003,0.7019195531999999,0.0065399753000000005,0.6604119217000001,0.018413425579655945,sub-95123_ses-PNC1,sub-95123,ses-PNC1,,,,,
128.0,128.0,70.0,1.875,1.875,2.0,1005.0,0.880201,0.0,71.0,97.0,116.0,98.0,2.0,2.0,2.0,1005.0,0.930599,1.0,71.0,0.2652076956272117,0.7266992768649999,0.008032262325000001,0.6446396069,0.0027034025991,0.3640927454,0.017163360806379376,sub-82208_ses-PNC1,sub-82208,ses-PNC1,,,,,
128.0,128.0,70.0,1.875,1.875,2.0,1005.0,0.903803,0.0,71.0,97.0,116.0,98.0,2.0,2.0,2.0,1005.0,0.9324620000000001,0.0,71.0,0.2688262809914429,0.7755088592460001,0.006454532034999999,0.4412344,0.0036100057187,0.36805234702,0.017245980149293558,sub-85960_ses-PNC1,sub-85960,ses-PNC1,,,,,
128.0,128.0,70.0,1.875,1.875,2.0,1005.0,0.838461,0.0,71.0,97.0,116.0,98.0,2.0,2.0,2.0,1005.0,0.936233,0.0,71.0,0.27073285147985715,0.7683730814599999,0.05744788051,0.4768243203000001,0.008171282710000005,0.27774640375,0.017549934758606844,sub-98751_ses-PNC1,sub-98751,ses-PNC1,,,,,
128.0,128.0,70.0,1.875,1.875,2.0,1005.0,0.874302,0.0,71.0,97.0,116.0,98.0,2.0,2.0,2.0,1005.0,0.9356959999999999,0.0,71.0,0.25404096754118577,0.8493757490099999,0.0245423615,1.725191168,0.0077913105500000005,0.3089515089,0.02401704120459202,sub-103682_ses-PNC1,sub-103682,ses-PNC1,,,,,
128.0,128.0,70.0,1.875,1.875,2.0,1005.0,0.891322,0.0,71.0,97.0,116.0,98.0,2.0,2.0,2.0,1005.0,0.932902,0.0,71.0,0.23846081610784006,0.6216027586750001,0.009451663121999998,0.591004685,0.003721705871,0.40142973488000006,0.012294652689508356,sub-83429_ses-PNC1,sub-83429,ses-PNC1,,,,,
128.0,128.0,70.0,1.875,1.875,2.0,1005.0,0.884127,0.0,71.0,97.0,116.0,98.0,2.0,2.0,2.0,1005.0,0.9358559999999999,0.0,71.0,0.2101895211667014,0.50931192835,0.003981813323,0.3908654949,0.0014597176923,0.39092049095,0.01666495910600453,sub-132059_ses-PNC1,sub-132059,ses-PNC1,,,,,
128.0,128.0,70.0,1.875,1.875,2.0,1005.0,0.826702,2.0,71.0,97.0,116.0,98.0,2.0,2.0,2.0,1005.0,0.93411,0.0,71.0,0.32644995532110005,2.09933896985,0.03027524985,2.13805103,0.009357572999,0.8015894957999997,0.01906706743455017,sub-92881_ses-PNC1,sub-92881,ses-PNC1,,,,,
128.0,128.0,70.0,1.875,1.875,2.0,1005.0,0.8630620000000001,1.0,71.0,97.0,116.0,98.0,2.0,2.0,2.0,1005.0,0.93719,0.0,71.0,0.3335061213132142,0.9603468207,0.01221130509,1.523039345,0.010340148117,0.5362716527,0.014896898201879203,sub-104511_ses-PNC1,sub-104511,ses-PNC1,,,,,
128.0,128.0,70.0,1.875,1.875,2.0,1005.0,0.875239,0.0,71.0,97.0,116.0,98.0,2.0,2.0,2.0,1005.0,0.925082,0.0,71.0,0.1966102665593743,0.63063783537,0.005190216005,0.3662879437,0.001784402411,0.27930332598,0.02571263504805477,sub-110289_ses-PNC1,sub-110289,ses-PNC1,,,,,
128.0,128.0,70.0,1.875,1.875,2.0,1005.0,0.698861,19.0,71.0,97.0,116.0,98.0,2.0,2.0,2.0,1005.0,0.9084040000000001,0.0,71.0,0.544089355119643,6.896627272620004,0.12782879170000006,2.549618843,0.0683042761,1.4277154607000002,0.02154213940568569,sub-109222_ses-PNC1,sub-109222,ses-PNC1,,,,,
128.0,128.0,70.0,1.875,1.875,2.0,1005.0,0.788926,2.0,71.0,97.0,116.0,98.0,2.0,2.0,2.0,1005.0,0.9111670000000001,2.0,71.0,0.70406263113717,3.36544450627,0.02300499752,1.773743415,0.023551826829,2.5480215627000002,0.0195959163790726,sub-96224_ses-PNC1,sub-96224,ses-PNC1,,,,,
128.0,128.0,70.0,1.875,1.875,2.0,1005.0,0.8841549999999999,0.0,71.0,97.0,116.0,98.0,2.0,2.0,2.0,1005.0,0.9402520000000001,0.0,71.0,0.4234840446353856,2.58638417881,0.01271689963,1.182263766,0.014623660482,1.0984875814,0.015837722792290402,sub-91216_ses-PNC1,sub-91216,ses-PNC1,,,,,
128.0,128.0,70.0,1.875,1.875,2.0,1005.0,0.871541,0.0,71.0,97.0,116.0,98.0,2.0,2.0,2.0,1005.0,0.930759,0.0,71.0,0.2576403967714286,0.7922891738799998,0.04487289861,0.6527847829,0.00505644829,0.3279740138,0.019786812017222752,sub-126960_ses-PNC1,sub-126960,ses-PNC1,,,,,
128.0,128.0,70.0,1.875,1.875,2.0,1005.0,0.8936850000000001,0.0,71.0,97.0,116.0,98.0,2.0,2.0,2.0,1005.0,0.9348700000000001,0.0,71.0,0.2851159917644429,0.8573600404900001,0.01339413319,1.160798007,0.004486629741999999,0.4366916128999999,0.02060408838790481,sub-106313_ses-PNC1,sub-106313,ses-PNC1,,,,,
128.0,128.0,70.0,1.875,1.875,2.0,1005.0,0.913068,0.0,71.0,97.0,116.0,98.0,2.0,2.0,2.0,1005.0,0.938934,2.0,71.0,0.17639678681248713,0.3889490349279999,0.002462059492,0.2819555868,0.0022874414566999997,0.1609114112,0.02319238167313089,sub-89320_ses-PNC1,sub-89320,ses-PNC1,,,,,
128.0,128.0,70.0,1.875,1.875,2.0,1005.0,0.904731,0.0,71.0,97.0,116.0,98.0,2.0,2.0,2.0,1005.0,0.9425020000000001,0.0,71.0,0.20680809295475716,0.5903441262400001,0.003914169502,0.474690359,0.0020885691039999998,0.2607146689,0.022615601511599772,sub-132995_ses-PNC1,sub-132995,ses-PNC1,,,,,
128.0,128.0,70.0,1.875,1.875,2.0,1005.0,0.9012379999999999,0.0,71.0,97.0,116.0,98.0,2.0,2.0,2.0,1005.0,0.9442530000000001,0.0,71.0,0.15451157805092858,0.329803657975,0.00861439202,0.3720054731,0.0016438981235900002,0.17017298147999999,0.02085623755743501,sub-92089_ses-PNC1,sub-92089,ses-PNC1,,,,,
128.0,128.0,70.0,1.875,1.875,2.0,1005.0,0.8897010000000001,0.0,71.0,97.0,116.0,98.0,2.0,2.0,2.0,1005.0,0.934616,0.0,71.0,0.2813733469240243,1.0917700251400002,0.0105918292,0.565459309,0.006973580229,0.5396698340999999,0.013063376801300132,sub-98879_ses-PNC1,sub-98879,ses-PNC1,,,,,
128.0,128.0,70.0,1.875,1.875,2.0,1005.0,0.8421040000000001,0.0,71.0,97.0,116.0,98.0,2.0,2.0,2.0,1005.0,0.934299,0.0,71.0,0.3533183506159142,0.9619695325799998,0.01635958813,0.9747318720000002,0.008698958438,0.34555337490000004,0.02010242106226355,sub-93948_ses-PNC1,sub-93948,ses-PNC1,,,,,
