"","subject","scheme","OtherPipeline","QSIPrep"
"1","039ace0b6e20ad515ff2fac4542ddd8d94731dcde7823c0ce019d0ee43a44c8c","ABCD",0.59387179862715,0.58895885620668
"2","04e61ec73c9bb6f567c3ce6c4e63b6c40799fbcd94fc0b8b6e090b1792a8a7f5","ABCD",0.743412372618083,0.768715085776344
"3","08b11a2a10d07719e221137477dfa9379980faa4fa3a90550462d1ed5a23a9e4","ABCD",0.737862615901329,0.841158491930417
"4","0a9d24cb50572b036e02ebe5efbd644eecbf89217e7f2a1143a446efadc5ac12","ABCD",0.727818340624101,0.805641267737033
"5","0d10f60667aa9d2a1457e0b6ee822e419d05ffbe612b363a020fa4a01b43d9b4","ABCD",0.693386140605558,0.813291212252322
"6","129fc36aa39912565e9e2bb3b8d510603ca41897b4e3e0587932384ec08a150e","ABCD",0.729358479028267,0.832080297572973
"7","1690ceff00b99150c9a70a753f8b831c6862c18dba18a1f7513b2ecfa5a7ba16","ABCD",0.677225713830482,0.702481615556011
"8","1abc58bb70581ccf279f485737ef2f73f23c29ef13c61cf4e3551d99d8ade740","ABCD",0.695535834638142,0.723229754316789
"9","1b11d6a258ed189cc6b502ceccdced11d5641ccdd132e7fac34673a9c29af7d5","ABCD",0.63061120858636,0.645128546293105
"10","1b6ac72fad50e9526edada10d48cc5636ccfe70e139cd3ad12e0a1bbf6b6305a","ABCD",0.765671055808402,0.845332086789697
"11","1c4688869901dac5a538de6d47911363dcc26ac2da9c54b89cadb718bc608180","ABCD",0.484028460143341,0.53688562761413
"12","1d8a10a2cd4cf9c31a5a6e4197959a365f970fe69aaaf8b299bf1095018b46c9","ABCD",0.71478179709591,0.78469165142403
"13","1edfd7a938b147cb96f93d7321b781f620358d109f3bf1b11447ec2d8841976a","ABCD",0.718683829936967,0.734311742556236
"14","1f816a3a07496f4b3219b5c1a56b0b44b969f8f73c6da18f06b82e5a886dd95f","ABCD",0.742387337904847,0.718904694262249
"15","226885e203275daecb005d08f112adc6ffc0fb3354ef8ccdd7234cd3e8033876","ABCD",0.664946184455095,0.666579161484992
"16","26f8098201d72e7a0c13b4c6521836446f2ce8d6cd570a3da49d14679f47efc3","ABCD",0.607993758332813,0.606219425204804
"17","272d81bb6cf493847cce225362046291461a4d84d4e26dfcd632e890874e70a8","ABCD",0.744711266416437,0.762488209891678
"18","299deba5f677ff6f456a66a2a1473abf95a3da01e473ed834ec60cc47924fccd","ABCD",0.744704441056274,0.826272176106313
"19","2a21b5afd0f29bac3a3607fdc2671c638b0bb80b71574bc208a4cc18670b85de","ABCD",0.664246699944571,0.685520429308061
"20","2af3e0298514b842431fea6f74b69ac89dfaadd3881b96b61d16a70078141821","ABCD",0.660540868897788,0.686505651156666
"21","2b8a384c5f75d714eb8443b7ea090ec297f0e830f9a586b76f3e9994401923a3","ABCD",0.380620544378218,0.413120813331744
"22","2beb5d5327dbb3dae138dd03282f4330421570cca3cf4d7395b347a73add1903","ABCD",0.661248322567578,0.683696359261445
"23","2c3e90ec18a005257f2e7d5feb6bd0dd3c386e1a8933018cbe2e2486ba255c62","ABCD",0.76171119342461,0.817233733631342
"24","37a7f1e38e1ba67d14b7917097d937942771b3029a04c2fdc6821bcfe73f6ee1","ABCD",0.738127028478085,0.816711803077084
"25","398a102455084ad42ce2c3b05d2db41ac44c9f62c4d3eba256275547a65ff4f5","ABCD",0.685562333585298,0.800960187140944
"26","39f7ede5b352f33e0d1773b589ffcd7be75da6270973be5b00da078051ccb32d","ABCD",0.754378114406128,0.76148629693169
"27","3c50042831af77ca14b3b477b1725b8f05f8d0aa2086e9d62bd8da0a8e0458b6","ABCD",0.567661172615078,0.639832294055044
"28","437c6c32a3c702ee2f728b77987611237fef2df8bc8ecc776dbdc76ed6c1ddaf","ABCD",0.69612432482035,0.727200292973839
"29","438d45187e9ec4754b7e37ef9d4faf3fb4c175cd67e47dbceba44914a77ea42d","ABCD",0.685889869976576,0.680190067661381
"30","44c6cd3c6ef8263e588d9b06f44ee58227e088cf59eebaf36bb6fff42d9b96bd","ABCD",0.771199462383253,0.762430127716834
"31","465a7bbae8219d3c63780ab5379512ee14aae7ed19d4d0a5d5b0dfe8d47d3a65","ABCD",0.753675283018307,0.761118536325801
"32","48bc66b76df2ddacbc62e51d10bd27293133f4ccfc2401149d6c7de167bba0d9","ABCD",0.723093453040789,0.842282680654573
"33","4911e0b6298700b5a0779499a3eee84778df02483020d121cf8fba3c2fc28a81","ABCD",0.57769464316596,0.612658712565983
"34","4948faf10af1c34e421f3daabffc3b5eea64959ee48ea4e5bdd3cb4ee76a5c6a","ABCD",0.687787944519733,0.804764932219633
"35","4b586a4fc91171790c08aa0539b38aac89847d992843fd60e944ab96d95da9d3","ABCD",0.724176925670302,0.834357754613388
"36","4b7bf65b56ff33cab6b39384558e2253c62dc74cdb53a7a65a76515e733796da","ABCD",0.741089723672411,0.752818271995763
"37","50fdaf89022bb3440c113fdf37fec9179e2b7f8c5e2e743db755e8406815904e","ABCD",0.759877057914067,0.84656049354973
"38","511b26278a9735af4c475100714a6bb2b40b7eebe22b1c5248ec926334a66ad4","ABCD",0.681522840097508,0.67514265548943
"39","51b561e7e910fa86a33ecaca4cc3ccd377deced5e36bb346e07f04dde28d91b0","ABCD",0.716891026655388,0.844233296204195
"40","54ab4423eccf8cc6fd88ee5b0f8eb153ef8ccda373b0b0b40147cb2c09bec8cd","ABCD",0.748566988278401,0.825779463193879
"41","5571e848fdd3f92b888dc66844531bd1e632fad4d2fc6d849449234e43c3bd58","ABCD",0.669307708063594,0.751788157691692
"42","5701afc5f3041b1ebcbd66fb98cf39926c4cecfa37d43be121f8d553bf25fd56","ABCD",0.620366993993551,0.630070819107975
"43","57fc525ea495b4efe25a2c08f4e51d3dc1bd481745e0dc77e6d81a345b85812d","ABCD",0.711058164875481,0.814687711286055
"44","58c95953f66db37fa68e2230967a1619ee66cbf218b5ed984fe5e658ec23e8ca","ABCD",0.710036114304621,0.80599582011767
"45","5a356fc5a3cbee08a5e767bf0e15b73927004ac828d2feab40ec00f1163be4b6","ABCD",0.640514433951062,0.68181608938849
"46","5b68c3f8334f94f68f6d7d43962ca638a69bc274e15b5ec2a8df17471fe8a423","ABCD",0.698299965879063,0.839401857153883
"47","5ef5c3b10828dbec2bb821075547b788d7ef9f7b1c2620646314f3061f0252d2","ABCD",0.67609484698486,0.680995454834329
"48","6110f1dbadd1743e5c21093efb81073d7915cf611025778917b5d96f91c8fa4c","ABCD",0.692699137744353,0.817391109349407
"49","659c84dce874100a92cdd59129c11b59d52f974c9654761ce2fd40a604be323a","ABCD",0.731512152107173,0.836857737346705
"50","67b9a9a15f454f38521545f4e107126021c7954029f450ee645d24582665a28c","ABCD",0.667977592689762,0.686879390145748
"51","67e00995a978ec567a8ac06c24a86b725891e005b67ce9793765f0972cd1f54e","ABCD",0.737355294669375,0.861404178904325
"52","69052aebe92664994e9dfa6bef1288f42900780a25e0ee9638bcf2c3ac35cebb","ABCD",0.771177717720118,0.750911600682183
"53","6c41b48457e90fba5fd365b4cd5140e6f5934155d717f8524ce07bcd271c041e","ABCD",0.645135794355442,0.69800721293813
"54","6cb8babe6c57534389d7a8f4919bff99f7ac8ab82179f9573a1f99d3c92ff23c","ABCD",0.676577598563419,0.699614678272309
"55","6f842e5d961e90e11f4b156cb0ac6633d98e9dbef5deb2c86ddb7a763f889a6f","ABCD",0.790351875505647,0.860804056125203
"56","6fa7015519ca9fc28063e297d38c39ad58546aa7f0d888508edf15be70ae3e80","ABCD",0.72612504161591,0.855818225302913
"57","746ebab2b2742304ebab92bd21e87d0e8b2d27126b6bd47706378f1022b01994","ABCD",0.646241364847303,0.657436051893835
"58","7606a8d5732da3790ec2a1dda32356a8a55da388f06a2ee92e61ede58730770a","ABCD",0.613868443283309,0.632629566775407
"59","7b3c03db7c3b3e1be1b5423740af1428ad4835f2e2440e54fd94bf72b35c3496","ABCD",0.739221793424614,0.798043828157635
"60","7cfb92fcd2bd67f495e84e87590d82db7a14a45e7341a3a26bba33a028ff9fe1","ABCD",0.644415234078044,0.673325891931845
"61","804ce7170a644cca3598306169ace844d8b715d9a126461ce0c7e00f9e487e31","ABCD",0.724131022997425,0.758390022275405
"62","8088de619be9a3a5e53cbe3382f0974d2249dd8f2ba2aa2ec2fcf49bb5f0a9f4","ABCD",0.649948519448347,0.677559837826878
"63","84f387187468ea0ba997bf5b47b1f5c0a445727db65aa74985095e8c18c682ff","ABCD",0.670621717338554,0.666458212991274
"64","86a8e5bd39f759e6b025fb78954bad74dd3e26da9889a0beb22e2772c48b9827","ABCD",0.770596921138257,0.784876028189837
"65","86af4d2fffa10f0c7c094711dff15b55364dae915aff1716c51dc367e33bb6a9","ABCD",0.695893632320305,0.713150259834484
"66","88ab6efdf2dac4a5da550f1c5b330d745716ea4f22fabda5c45bb056c7cc192d","ABCD",0.703571465934956,0.799733148748843
"67","8d341787194111cb8ffca6fd207ffb1911b2068e6d30cef4dc03ee3b35e4b6be","ABCD",0.681030736772355,0.699704803905602
"68","8f5725c0943929e6308a16ff70d6d3ccda3e0b1165d04c9ba418b32ea5d44272","ABCD",0.717723016552173,0.707124168437284
"69","8f58492cb63461ea1dee25695f4fbb9c8325705b56b44db09eabab4927959160","ABCD",0.609500069200394,0.627327522854895
"70","9e86ecf6e6d3ca43905c68a5aebc1a4780d4f93c237bafb9066683c82fcc6c34","ABCD",0.638090058886528,0.668040906471849
"71","a08ecc972da2c8e6786bc3acc8cf76ed2b007a27a9cf20317540f5c78bc24818","ABCD",0.641794595540311,0.636053479107733
"72","a406f780474bc3f60c59c089a1877470a56f26fb84dac73c060e8b5c0017ff68","ABCD",0.594691083478311,0.627705530041089
"73","a49b1837fb4cc275c90ca4fcbb5c095d8a87301e4cda876c949f4159bee8aebc","ABCD",0.726895149334198,0.719978186331216
"74","a5dcccd3bc178470cb73d835ea06df3cb18c50855bcdf748d15d2e5cc818e2c1","ABCD",0.612233674748378,0.64000622134326
"75","a7cd090446310d09c9943084e3ebea0500fc05b1c9d4d8608c19cc4aa311ef2c","ABCD",0.714606840776955,0.825798224332058
"76","a7dff4044b80101be1588ad01dbf4610e771bc79bb9fefc51a63313ac0343f42","ABCD",0.645875461080875,0.672133032581697
"77","aba9d5e55800eb5b02e80099f9ed1cbed6d8c730268a835e1ac026de30dadf2d","ABCD",0.60296362775039,0.624953487226157
"78","ad0aca0454b68592bfb47ac25483348c8eaf2196bdfd43f29f16f157a93d2a67","ABCD",0.679538411665436,0.704710286383396
"79","ad9bcdc87fb703548f06295bb25498059e0bc59c00009672c3e7077c31f7bb52","ABCD",0.700159469148948,0.813681230639183
"80","b17a43a1792c557eb3e644ab263e81340af35ad277e0b29ee0e9e5084ce70f88","ABCD",0.77019256730388,0.858881561962055
"81","b1e86d0a942ff571ecfef1c620d07a4d0d8ce0e4456d14e71df450730c06267c","ABCD",0.694582866008454,0.690347469393884
"82","b4252acba8350f0de50e1016114c499904a87777fcadb3673891c21b9366732b","ABCD",0.771045000716446,0.77148614861269
"83","b4a5bec27cef2a28b947f77bbe81f0ac24ba0800b1487d21f0a1c23672495719","ABCD",0.622033648137353,0.640345771418283
"84","b5e479fd2e3b93bc3021a8cb843f4b21e2554692089c2eff53a95afa9d3c3a10","ABCD",0.638016845046225,0.6456367100526
"85","b68a89044ce7e18fb38abfb7371382f47f70d06dd805f2cf3bdcefc8d010f53f","ABCD",0.65355954624293,0.674216285384432
"86","b6db2273ed6699095c63ee0357ffa1cdd52ebcf92a9611f618127a2362fed2d7","ABCD",0.74492653212006,0.820582841234072
"87","b9beab783fa03083b1a6945e7b854376c3617ff6d86656539821149190ed71eb","ABCD",0.739760000647061,0.724740995984254
"88","bba1db906f60673ac87c2e9be139f5504552793f57b32d6d1612b168862d5bb3","ABCD",0.676178418614431,0.677640856954773
"89","bc53e270e146c120636de9d891bfd81c07fc55d2958d2939c73adfae66feb8e4","ABCD",0.785776746520164,0.834446991540197
"90","be910fa0e505f1eb448de8f951a95cb0817b316eb9b830889fef1486d99a14a7","ABCD",0.772579576976642,0.776666711018732
"91","c545d7aa09753df11f56c42f28b4b83675fb299a7920e4f101f417c607543c32","ABCD",0.618709031433171,0.62326991176766
"92","cf940e3c8b48ac02c4629503e1c4d667c04e87cc848d31a095d09e6d491013b8","ABCD",0.639226877800664,0.658517523795607
"93","d1f16699ce69f1b75095d2d25a806da7723a8ac0acf6eafee7d3b8836ec64b46","ABCD",0.626308145472352,0.649831541616904
"94","d5bd0b8159f21c3269da5628622f41a0fc4b9c00c718b055390db04c1eda94b1","ABCD",0.684553708026128,0.698314634099188
"95","dbb77cee998d9f8d51688fd64185662d84378b7211e23132238adf346eba3f91","ABCD",0.642955041468082,0.663225429525268
"96","dbfad5a23cc5a32969d375231aa5ca60e282b8318414dd59142b01566d00e19c","ABCD",0.700245147863489,0.761276248713741
"97","dcbe60b3a75ce0de7578f76ad85d86d23f67b15a7ecbf8f1030449493d8b4368","ABCD",0.587071134127748,0.627166045474348
"98","e2af962c3bdd2c5e982efafd284d2d2a729c0d742961a2d56a353df2b6824e5e","ABCD",0.7534045861379,0.780016490223533
"99","e3087a052b42bd2607d249691edc1a4eb848db97c3a6467ae924f107c1902ee4","ABCD",0.738783087932102,0.681635361127961
"100","e43e0da00337241fb6cd9b4918b330cae22a62f9c8f3ca8b9f11ddca3787467e","ABCD",0.640504587371705,0.687378864425659
"101","e6432f175a2560459c4123afa1757c28df172eddae0aa9aa015c605ab546ad95","ABCD",0.703572149977031,0.734630268431242
"102","f1e3c77f8afa834c23b4b6a6fdccac0650a4ffe8c04896fda3f95ebf9735015d","ABCD",0.725986295594717,0.837551659146433
"103","f4a0c6b32b1bf093a96034d47044e9a02d1f600700116dc729fd0e5d7541a9d5","ABCD",0.658293032700586,0.660240105702056
"104","f8cd2bfa0c6ec0df6254e7e3b111e5074caea85df99705a99d8be4ee56e18a2e","ABCD",0.651495183423689,0.626392763404714
"105","fc06a2e1aa372629578b2e0626079d0f854b04cba3838ac4329a674659254bdf","ABCD",0.785234432054219,0.791956582175723
"106","fc41c7e0b2003df849b78f76eed613e47925a6349b4f808d511375526ce0d59e","ABCD",0.757882127667742,0.828882926577277
"107","0d995a46703d391f5e2ed25482e9e33d5b99b845d3f368584aeec7615cbcd9c6","HCP-Lifespan",0.879481309374154,0.869304283976559
"108","1681c104849865bec5f4f21a4e49dd58736d9e008a3111bd0855665675592d74","HCP-Lifespan",0.879474009853013,0.888907988550756
"109","19a4e0e98ae281f1abbd5fa9ee50e45dbc3655eacbecf275c0cedb5b00eab0e4","HCP-Lifespan",0.842541705867872,0.866071829920058
"110","2003dcb9f02efcefe84be97e8242646989671216611b74b4203623778b0b2797","HCP-Lifespan",0.886532699748619,0.884715137256045
"111","24eaa4cf1929a1f31bda9bf84cb674678990b33c2e1f844318d20984ed0631ec","HCP-Lifespan",0.897459266500724,0.888233306722834
"112","275a9f45022411f5a0ee2a9e2523b0e5b847cf67ce93a394b22e7ea42e09bd80","HCP-Lifespan",0.884659879925528,0.885621459109012
"113","2d82d9825a4b817733d22fd1039d079392891796a40afb43f7ac64c9b87fb13e","HCP-Lifespan",0.866312596312459,0.860692076630839
"114","34748e9eee29912edecdd24e3359fcade856cfd0d8958b76c0dcc1e3e1531c6b","HCP-Lifespan",0.87704396054593,0.886885205902191
"115","40ebf6bdcede14f4a6afaf3630cfa9838646b6b3e413aa3813c8b29c3911de1c","HCP-Lifespan",0.845288904756244,0.843887084756693
"116","49c5243f645ed727f9a5fa7dc1d0155e58aa9e7e27619a09d508de5d175095ef","HCP-Lifespan",0.875919826501287,0.883771202015344
"117","4b49899eb7f10c7cc500b68cc61ff47aaed6c7ebf34e8762456a5da13a80db3f","HCP-Lifespan",0.870376332312217,0.868730976859103
"118","4bd3bd029555ef40d73e38b15c958867cbba0d35415b800317559c6a18ce74e0","HCP-Lifespan",0.881737792541849,0.888451896249058
"119","4d63b71b454d3ce4153fbfbe98291a86c9cacd89127f6097c16ee0fc06ba3bd4","HCP-Lifespan",0.879193774342746,0.875499695797858
"120","50fcee93406232aafeb65ba8ac6bc9fe1b7be2908c0e3e6db659f15753928d0e","HCP-Lifespan",0.888892674850487,0.89294864117616
"121","696ef3995d1bf5d684ec0cf7e90f7199e6b09628d105e3b1242a40d188e8ecf0","HCP-Lifespan",0.868617946583764,0.884558174805884
"122","6aa513e7c3f3db81a398b0235c005792757ffb1f427207be5d62ccca103c9544","HCP-Lifespan",0.872588420985029,0.864955607298747
"123","740d42af1ef4df775649a8cec655471df68719b479bca47303505bd14230c066","HCP-Lifespan",0.86508832376285,0.848873238946081
"124","793cc6c078488a3bca11b679209e2d716ce0da3c16f90659b5b3b59cf762ab8c","HCP-Lifespan",0.874213625881154,0.881602140368169
"125","7973b9e4d3fc34eba78fb172ed5a6a4d4a2c525c2e71e633e414534454438a64","HCP-Lifespan",0.838444418323128,0.870443041088407
"126","7b4c6efb76989a4d23d3aad6e41e56601c70fc355219fe9e33ee7eff741727a9","HCP-Lifespan",0.884341847686508,0.87717428221251
"127","82437ff2541938ea6578bc0e2231981b5c3fdd24a36142cc2c43f75a9763a699","HCP-Lifespan",0.887788282036361,0.877778699634753
"128","89db83cb8fc4e8bacb8108f66a6c321a20a670b37a08ac1cba7708b46a77d6c5","HCP-Lifespan",0.897152636660652,0.888244281811155
"129","91b48c3af43d6f4c28193a64fe5bf7babaa428ff65a08e1e07cf7187d8dc46a2","HCP-Lifespan",0.878027993357529,0.887112985251636
"130","9ad3c9385fa67814bdb98dd10ae83a261ee22025c5782520d8d526812d9dc05c","HCP-Lifespan",0.881557791966357,0.879338195428655
"131","ac86eb42fc3c72526f9b676438cffa421b2d5ff084fbaef86f3b3dc5073d3a26","HCP-Lifespan",0.889620596709145,0.911523832067861
"132","ae5b9a68efa208c35b459c7d54ad4e84d592d341f9d6f24f9830bcddf71e1cfe","HCP-Lifespan",0.871030259593017,0.866627522293584
"133","b6d90984397c5872954466052f21e0e4b3a25b9b53274e8286875f4a040f5f0a","HCP-Lifespan",0.877618652988603,0.880730930360597
"134","c1349b5fcd956c77ed2e1273243634365aaed064dbdd4cd2ba4b1949d9811cfe","HCP-Lifespan",0.888089403055149,0.893364811666597
"135","c3aa205f1b4c99d5933a8e0fe9f1d17e869f9847c556909ea028b9ed234d3829","HCP-Lifespan",0.873893627967924,0.839296998056275
"136","c6d5905932bffcbd2a9fa6302e8d953a0d3b1899edcefd4cebed12abc10df8d8","HCP-Lifespan",0.888431202144937,0.891187901402957
"137","c9636fec3c2e644338639bf61a9e3d834dfbebdbd024350082e059c20430b639","HCP-Lifespan",0.870936111429605,0.886254116941248
"138","cbb85cd0b6d7a20b1096d9c0b557a6e35fa0698043f4e03b80d0304c104e12ad","HCP-Lifespan",0.881025051456029,0.899886406990092
"139","d67f9d016bf468134009aee5108784cf2f3927f1cfacd17d8edd9a7284c01a39","HCP-Lifespan",0.872235757149839,0.879260327576349
"140","e339cb499e92b3d0add731320afc6e68b1bc3db384c733f5ad75e8aa86b55fa2","HCP-Lifespan",0.848191532090987,0.852834505614231
"141","03a3b330304959ce8783aaa9e57d6c56ccc34773820d48f21a848a375ed9421b","DTI 64",0.929205974973684,0.935520849168106
"142","050b07cc96d09c0a212f4c98463e7418e90deecc4b0abf88414a803a849cabae","DTI 64",0.892724666145603,0.938749404424202
"143","054bb9bada1d118e4abb60157d960be66fcb0844706e2d599285c2a88409b3bc","DTI 64",0.923425079983831,0.934014219815295
"144","0833c665f21cef483d92ae9a96d54d2b55f97897d4357a987e1bb9aac430107f","DTI 64",0.935035540000774,0.933849412753605
"145","0bed99c2bc5d9f21ce4ce8822fb930f5dad34f8707ac436417abc8c0225b9cd8","DTI 64",0.934519030300275,0.941782546116405
"146","0c488b249ba7808d7616d470f9903e54ce795729c4ae9788e40083a274257cf5","DTI 64",0.91287460998233,0.9394158159428
"147","0c5729087f23d3959160da22a58fc3991f35172c59a330adf85ee782774f6588","DTI 64",0.9256713167866,0.933985595810223
"148","118a209f4b77badf10d0479efd5e65e3ef13d1c17b60766ad38bfe5a2336ed03","DTI 64",0.93299608105799,0.945232399487392
"149","1235175f0c087353e42380e0d336e6df16946151806b4314457b8c8a6d172b4a","DTI 64",0.928521038241864,0.940204711557664
"150","189ac393093eb5ac96d5f66a3af6549f7e8f6b49d5771993a805cb14bd492498","DTI 64",0.889985794518938,0.927149899382827
"151","194584e209f3fc458052cfd96cf3005a87dc386e1d36409288f217853a7562f0","DTI 64",0.844425275994086,0.901998332668791
"152","1a2962f450960465512ba213e7a2eeafe2c339dc1db1f5353c0817aa7c5f4f28","DTI 64",0.916943710282208,0.926445449462701
"153","20e227ba25bedb5f4589e4bb586f152459938d895e192d6b8b17b045ffe7589c","DTI 64",0.932511804455861,0.933188885779404
"154","23ba41ed2cdd4af47aee2805aadab2b7fac224391d7b5ed2394d6ad6bb1bc3d1","DTI 64",0.934353148007494,0.935998245951972
"155","24cde1912230617509c80257a35526fbf43d09be5d51c9c3fdb19b6d414aed1c","DTI 64",0.746821954020537,0.788582893640225
"156","2653ab415bc220486c897e5d221c54dcee9306facc668b727b13dd5dc91c051d","DTI 64",0.934707097150799,0.928377043672066
"157","2728b694f8da10206f720020d68a82fc52a6742e054e24437c0a0c08961b2bb0","DTI 64",0.918793482554596,0.941019502210667
"158","276d3d4db52676ff7bd0712dbbe9033ea5f9d43926d09103d35b6266c429729c","DTI 64",0.905866744180719,0.929236758528144
"159","298eb2d9ac410bb479262dbe8835923607623df9f2e4ae858aa5ccbdae580e17","DTI 64",0.924981116044655,0.946179413004367
"160","2ae74b422f94f5bb4593daa1ec970da305f91b150d1df0474a9240b8d30b2a47","DTI 64",0.930870210792184,0.939520689703943
"161","2bc2ed657e40c08a1b31f4473f0916ebe9a7af2a61c08210013f961cc7005b2f","DTI 64",0.903513280078453,0.940805900140908
"162","307b43fee7de586f581e69cf494feed7eb5e3299b3a9694a8eae45368386ed33","DTI 64",0.838012182496575,0.910763787497816
"163","32ea05228423f71921610b9cef23e0b19f44d0c51dd1ffb467d08fa6881dd060","DTI 64",0.896835069432647,0.924144186087485
"164","3a27222b01438a0ab5a7da27e4c7a692de52f40f3cbe27728b0fddc1462fa2c1","DTI 64",0.936136694684067,0.944531222459221
"165","3c423374c825cdb521adf0186f66a2600d00920655c39b76411cfbc0abad815d","DTI 64",0.93109152712673,0.93745428615755
"166","40faebadf840f31a0dadbeff0a70aecd7777d14e336bf30d532326bc9db397d9","DTI 64",0.924904349323456,0.938946107421535
"167","43f7b482c7e3750fbbedf0529cc1c5babf2b9ff5a6833d115f6821a91014306c","DTI 64",0.930104155096715,0.939502273751682
"168","43fc6b77c9704191ecfae7f201a0f04fa98de2635b30087f43bcabdca2f06c91","DTI 64",0.8756280619939,0.920319273472866
"169","45cb545a703861e2dac07a593eb84711f73641a1eab967ef3b312bba1a968b0b","DTI 64",0.915086874401521,0.932927599641591
"170","4844037316900c3f1c0556fa8348c5c7b211174156cfebde83c1c6688e1c37cd","DTI 64",0.934189655529474,0.944486178651934
"171","4cf18493e13e19ce59ba60e8e35e71e92d9f5af9a5259582fe719f5a06a3d35c","DTI 64",0.921139784952822,0.928652784562077
"172","4d7c1de7d4b25bcae0412cb9de4299df7767252ee7157bdb39cd6636f1dcb3c5","DTI 64",0.817756363844906,0.912254608132704
"173","50357da6b8b6270984c6cb1a7533d87325edb82ee552cf33edbc56cab40888e8","DTI 64",0.921027255795064,0.925205828800252
"174","514377b0f655f4ce58c925eb1fc738eeef3861e0e23a2499e057ecb1f7125c04","DTI 64",0.92407512226847,0.933825058400656
"175","51e6741d9f82b5198cdabaffaabd452e99e366eb42934a11f0ffba524dc3723c","DTI 64",0.907945115992529,0.942718851080057
"176","551d2572ce31fbc078db7e51d7ef98e2606751baadd707a34a897c9bb085d459","DTI 64",0.905315326088173,0.91162269121574
"177","5aaf90a437a51450858421cc13761d30b17eb6163b5e66ab45f3ae952ae200b7","DTI 64",0.894974783091969,0.897724322255677
"178","5c0d6af631aa71b42fab6891c6e1f493d3691e6d83dcf40a2c8f4769430c015a","DTI 64",0.913968754147022,0.924878125501906
"179","5cb065fdf5eb4142b46ec4bdc6c72d5b0d43a63a1ce6ce6cc1ba35b84b7c8d19","DTI 64",0.929629338703587,0.924380354023448
"180","5dd40dda4a1266e6aed758ff4de93bf9fc4ef78748ab1cce80fc4a4d6b960d7c","DTI 64",0.925924506673672,0.933700076752565
"181","5f400d51bdd5e9b75273b2ed20393916e5ebdf2a79647ded7acb6d5107d2ab32","DTI 64",0.920715124424896,0.934628262245803
"182","6307259612ef1977b4bd6241aa3eb14afe6688eb4bd68d1508786f4c19e3ee18","DTI 64",0.93280412309612,0.944388697045098
"183","65a8d301f6fe400e55028e42c72189649951144ab093b4ec287011e03ce7cc74","DTI 64",0.888393827096309,0.900911646813378
"184","664f2a89d95e4f797081dfbc3d5562ea403a5323a1311d4bb21687e46451fe2a","DTI 64",0.890095401263986,0.911622792234489
"185","67d36d8f904598a58a398e41d576f38515a6c26942069d8aedd50980beb488ed","DTI 64",0.93713351057051,0.943061256281034
"186","6900a9bcac85f96d366c9f3d56f171f21b32abd2379de10182a2aa8256fe1ca2","DTI 64",0.894489961405138,0.925326908150975
"187","6c4709e4c45674820477865721822c76b298a3f972ee3623d01be75611ddde83","DTI 64",0.911028280676316,0.926542645319788
"188","7444d451a3719499cda08c06916d5b42f4388315ce81865ec8dc8ffa6ae3a046","DTI 64",0.936937400665318,0.941354100143733
"189","765bdde4f59c31c599386543f76d4958233d41a39ba846f8889a5fd1b43dfd1d","DTI 64",0.915466466685642,0.912817166071058
"190","782f6cfc55c5263dde7a81d4b42b93584531762c65eada769962e27138100648","DTI 64",0.903484361958898,0.908155915204251
"191","78a5f6c948e3021d6b23512e0f1635ed260fc3ce674c39bf6b79101fe67ca0a7","DTI 64",0.919667896907819,0.929454520177214
"192","7dd92b129053de319cb033c7758722548bed0abe33381aa211fe321971f5d055","DTI 64",0.913163931857132,0.943873887493078
"193","82488a5b457984a44b49b768d56a55a2cc6cd71943b6cfb86260b65a7d0504bf","DTI 64",0.932520569310298,0.932224674707908
"194","840bba0a7ca612b81a149b26dae2863df89c21f53ebc0d07f86472934302ddf6","DTI 64",0.924182586308247,0.928739374359765
"195","887e6a08469e939c768351c26e2ac8141346bee27617b6a8807b6faba0dfbfe2","DTI 64",0.917286329842384,0.943017890363449
"196","8e61f6c8c508462d92d27c3a38488c5050eb3e0351fbe7a011517d5c413abbe4","DTI 64",0.917417588673006,0.931417657959599
"197","8fbdc241c08791aa4e30e90e8b3384e9b6741f819abde7f857c3d0f9132a1760","DTI 64",0.927953274327265,0.939789560963741
"198","91a2917d584f7139231065be3dd3e115a2676ca6aa4d6a4ee1097617b2de421c","DTI 64",0.933235910472149,0.92618386082862
"199","9209a11aaab318f26cd618df8f313bd13af900cf7348ec5e09afa6afe099b4a7","DTI 64",0.901690463109864,0.905256630689684
"200","9266ae96dca4735ba0ac3e1b57041a51fd3338ca006606c193dac81dcfb2e887","DTI 64",0.924454653899452,0.934670220509184
"201","94392ddf72ab6fcb2bd03139699ab1db5c6604ae25d532ce9be2bc6ff8766c8c","DTI 64",0.892128804301653,0.923534480933755
"202","9458f75976337f90bb0aa534e25f0765bcd0a3f5a3645ca7106554f24622371a","DTI 64",0.905040564009027,0.916382156522817
"203","9587551d88209f58d7cb0caa7f7e99516842b3c52944bc3caaf6d5acd01c258b","DTI 64",0.929854747636973,0.944515142314756
"204","9a5fd8900e9b80623402c310845229222b75e9bd98a5e72ad934fc92cf7e03bc","DTI 64",0.933064837948043,0.943665974541223
"205","9f3d750c90ca6a16395fe6ae5f677fdbd9fe4dbf25dba2d446856f36a7e5736f","DTI 64",0.915373245886545,0.937064164390256
"206","a67e4ce15b366252a46b8044551cd67338d23a84bb9d52d4be7f9b6b4f0d911e","DTI 64",0.933770065057129,0.933179194363472
"207","a8c724f8f891a0f4c7c4235a3f7e49cf89ae382d12361c210f4da2628ee5c002","DTI 64",0.916850121119215,0.93892881585842
"208","aa7c8d82117908c5eaa1cbe3e88fdceeb374448da63bab9d17a17bb79052de08","DTI 64",0.915412687282436,0.945822922491586
"209","aae96b76a16a80e3f71efbdfd82979be1cd78b5415bf9ae47a42a6ca4912b622","DTI 64",0.929374750025259,0.946409292044305
"210","ac0a83831eb566ca0a76d521ceac6ca824f7c58ad2da52c0a9dafd8080912989","DTI 64",0.933340023231587,0.93047752984441
"211","ada090f4b72dfa251391f21e270952b3389f0c5d51c5533016567a16a825d39e","DTI 64",0.918353631043307,0.929734887784294
"212","ba99be21b461a164714d05cacfb9ba0c3e433df51eb425ca27cd4f03d8a9df9a","DTI 64",0.86138262294433,0.875015105212299
"213","bb9ff3366f00df1c2e72cc7918eb3cdfe5ec6d53be79eebebaf30390a5aad849","DTI 64",0.912072634500634,0.928463506509296
"214","bc5e2c458868169a84ae5ab9bc3d05ac74c52597821105e14792de660aaf7fff","DTI 64",0.91871959846037,0.929753263030188
"215","bebc309f720f792ae845c4e126aec5ead9af488e14ce3a72c344bf1c955a2a37","DTI 64",0.918640947068625,0.93792866564679
"216","c175c8e6fda1bbc1147306f00bbc981eb535a6cbc0f97ef12d25a8e0ff6a8a2e","DTI 64",0.92564681242564,0.919776685986189
"217","c2e31b19bdc0514eda4ba50e35899650b3e651b097abefe65f64d8b203daa4b8","DTI 64",0.938569952593094,0.936837382372507
"218","c56617f18bde4798a5c311d39871486b385ec10f54da5883d3e9613c693e1336","DTI 64",0.927313558811407,0.943827234068442
"219","c7aa87f40a71f6ba384990c84f1444e7e96c03f90ce96e72dc47039d63d249d8","DTI 64",0.916386156004033,0.92103512137766
"220","c8ed8d8356a242f247480ad05ced32990cf820df0aa8e9232de7eea14617173e","DTI 64",0.92106694987904,0.936947469577192
"221","cb06a38744bf164fe0005a6f370695c3fb9eedc2e1011fedc379f8a928591720","DTI 64",0.930780926927126,0.942781441929292
"222","cb8572380eb9f36c3fe0f441e6b9038188e6f9e919f9adda661fe4e93f14ce81","DTI 64",0.89185526814175,0.889968158321215
"223","cbc9adbed0854747eb494a58dc6553d0e0ef14e2296460f290d74c20416e36e0","DTI 64",0.921734296540715,0.941162492144357
"224","cbfe81d2d81fec08842380ef070b2466968444f815651305c05b4f0a267b59a9","DTI 64",0.926626870718167,0.947918500863187
"225","ccc0d02ebaae29ded3fbce15fc55a2c990195ae4f6b6d5ef122b00969ee49b36","DTI 64",0.93861783252356,0.937423982529764
"226","cd60331cd3fb15e74496f792bd30f28b401c9e09b4c4a052223d5a5c7e48a973","DTI 64",0.931653516773839,0.94142276670346
"227","ce53191e91f68926646a408c605887770b4022ffac003a7f75e08be3e946b180","DTI 64",0.901804161089081,0.940466159567048
"228","d1e1b158d29e770c40ef7c7e8ef955a6e5db86fa8a1dd164b36dca313f4a920c","DTI 64",0.93537879626603,0.924832090082601
"229","d1e427f934e42ec267c0464e25e9b571ae0bbec46994339787775479d5b67129","DTI 64",0.930654261940655,0.933965609014472
"230","d2be36268122ec7baf668a3bc7d0ba6161321c3e34e38aa68cf4b09bf2de2612","DTI 64",0.927092124215472,0.923240249399883
"231","d585c9d33b751be37e476d0ea79d38c4d520c9c3d57eb69f9067a46566a6c233","DTI 64",0.926841839777516,0.944265932506977
"232","d59ff99262941542b3846d6cdf35bac0902c5b7e97727adfc6e457547554e5e6","DTI 64",0.913056581722467,0.934718436661594
"233","d6d613d1aa3762821a27ecfb3c011bc46bb710bd5c8dedd4c265b53ff084dccd","DTI 64",0.93330785953221,0.940805502367858
"234","d7efe2eaac1f9c2f791ee58d57c1e49a0ea2404b5d0a52f45d05321cf7318255","DTI 64",0.910551236766796,0.933862669921834
"235","d8996b3d9ebc446d4170b5f75658cd0d8a9a4b421f72410ee98bfb56ac9d5724","DTI 64",0.904934580738838,0.924219814574021
"236","dadea1423d67128ad2d1bdf6f469d8dd2863eb381676128a584ba31d46734f1a","DTI 64",0.919404895456424,0.927625438605041
"237","dbeb10b79dc427d8af8185e5bebf2941450e505b1e2616d09d85515fd7815ba9","DTI 64",0.894289615751222,0.914317259750117
"238","dc42de04295b3724cf2830da125e7fcfb1ef546a7d289b2be91bb3e95f037f61","DTI 64",0.925613100619793,0.928380909654999
"239","dd5adafe9ad6cc42220de730cab1db9e5d6897dbc7eade50e59e847781b65164","DTI 64",0.917076567315203,0.936777164680353
"240","ddd6360f7aa69dfa04b5c96ce8a26b4ca538e4ae9edd7f22348c3129f55bcc68","DTI 64",0.924181615723743,0.933557789985892
"241","e09c5df5eeae10f68daab0263a675b590bfab6238909953a0422f2f2d837a4f1","DTI 64",0.908010730274133,0.923328159231211
"242","e2dcbb5adaa840dcdb7c26cd4156df0cb9644bd19d5803b193770c847588872f","DTI 64",0.921522817010255,0.926596842324004
"243","e5058327ef24a8545bbd933362b17cff3509c743bcc1f9bbeb0d59b5acfdf052","DTI 64",0.923137765097793,0.938936146061056
"244","ec0bb1cd3ef841e6ad869bc125d04b470fddf04e8e1b280861867521f061a17d","DTI 64",0.922220196443964,0.954650932247213
"245","f048591b6a87eac0627e909fda538e4bbc79a8d82a958078c99cdaa0aa00271c","DTI 64",0.920403917380998,0.941052207670113
"246","f5d629610010d7c12bbc04a8efe8f4897d10b9b7fce0d6b0b6098bcccd68c78e","DTI 64",0.924454431283574,0.943376723284047
"247","f80fbb89b18a7cdf7ebbf8f82eece95900829c76fceea1a70dbb3f52f68ff0aa","DTI 64",0.92516939214195,0.938838485684959
"248","fa2a1af8330bda4e342fc75fd0d6f0e9d118c8a33a6b72055590ca0e635b14f7","DTI 64",0.928424017863252,0.930948532745798
"249","fa66f906ccb6e4b38e0a697589a2dcdb4033e64d82bb5868ce043faaa3dbefb2","DTI 64",0.935711832194063,0.93242335175085
"250","fda079781062fd9ddd288fca14f3e71207a21484b38a765818dc5da6b53e5b2c","DTI 64",0.922671563298886,0.93996299152525
"251","fed64634a289bd6f80476f1c297c8092be02996d96bd9a50488a982f1aa681bb","DTI 64",0.889175026115425,0.901313123070638
"252","009b8f6a3ba4cd9f76f6031a09fedabd1487e53e90014c930df7d413feddb94e","MultiShell 113",0.768250814376624,0.803788847724347
"253","00b093955fb188cc4fec78da35b5bfb8e980a14ee82bdc9b78d5b5e290898ba6","MultiShell 113",0.806044919299445,0.849882965052847
"254","04980bcbb025f62fb623af2abc278cec88f3e999c3f9d950781d10812bef70c9","MultiShell 113",0.785585468684699,0.833238904359758
"255","055fb1c49d3e3c94d3daf252aa51fc003ae3b5bad9c965212fe0c9a1e400834d","MultiShell 113",0.736468511036459,0.813222357905536
"256","075cfee83ce63f6dd7d505d48a7c26ac214cabfa8d1c1f2dab692892f876d78b","MultiShell 113",0.767236986795809,0.812151941243748
"257","0d4182c395a9af85bf40e46a7be0e63e2377dcb6183d387b790144b579443b1d","MultiShell 113",0.769510915146531,0.829568200041201
"258","1040aead35caf42f50f5267d310d09470d0aab72855c7068a98947bf23149952","MultiShell 113",0.801492546706127,0.855975007552771
"259","11043e76fd66063d6537548373dd0dc2227147aa78c15fbd22b0d7ba8e1bb24f","MultiShell 113",0.81720188664034,0.862220423862956
"260","124c986477cc2b2c097b2d90f14d341126d3db42f271c6e29741a0ec2a054073","MultiShell 113",0.794673489740732,0.850498099874391
"261","13d14c754de527b9d5f3ed1dfc4e632fc289a93bb329205173e29008e72f8930","MultiShell 113",0.792969069445907,0.845719120418365
"262","1762118de51b9084e6c2f1c837fcfd6cdd3fe6f71720d13eea3593bda9101cd8","MultiShell 113",0.792776054293765,0.840269652250441
"263","192211e1398a9f6c3594d3674bf8012e78be2c4e31d4d737335046c8ddbcf431","MultiShell 113",0.778141377413558,0.844789218931221
"264","194584e209f3fc458052cfd96cf3005a87dc386e1d36409288f217853a7562f0","MultiShell 113",0.79451886201599,0.856273614868958
"265","1a2962f450960465512ba213e7a2eeafe2c339dc1db1f5353c0817aa7c5f4f28","MultiShell 113",0.810017970351827,0.868368974068604
"266","1a86248add2253ee10f3c084a0f229b07aa75b1212cad4abfb9e379fb67108cb","MultiShell 113",0.796101776878813,0.849736566306875
"267","1b172cdbdcc9c9756868cba691533f96df5960091bfbf86cc59c0ea4dadb0bb1","MultiShell 113",0.773577084081892,0.839120954333049
"268","1df3454951e44b6401f67db8ebeee63f0087e9de70df0b80e3b4f1b1fed46832","MultiShell 113",0.794514196895685,0.834900132303856
"269","1e63c1ba9104d0e2233fb0251953260b7121e22c8774f733c5dca5605a77384d","MultiShell 113",0.831148712324583,0.866156584822737
"270","20a687e8e347f0b3682ccf0839559310bb46d2e6e9aef9aaf93ee77c977e276e","MultiShell 113",0.81206974821775,0.870641807865525
"271","22eb3ba3a9d5cb0bd56803f827b6028bf9f99b69731ecdcbf5a9568a0c660c39","MultiShell 113",0.785697338751955,0.851424664390083
"272","25e58dbdc18f71434348e8a6699278ea42c1dcd687330d9d616670ebbc201d50","MultiShell 113",0.785500631350375,0.846549534771718
"273","26dc44b5f298a5da00b1055da8e026f46572912712fd57fda74f804836f5185d","MultiShell 113",0.817416966270343,0.865283940778055
"274","27b00cba396eac7854e9aaa01290b0ba45a1d548938b67716656e11545d48f2b","MultiShell 113",0.808797046331523,0.852922957048423
"275","295d350d0e9fd4d0b1c0397ab95027df577ee0bca6c9b329133741f7f851d8d2","MultiShell 113",0.794671607649205,0.854594604759693
"276","2a099d9079cc9ed3eb2627325308aba92700268113b4b5415658b9b448748be9","MultiShell 113",0.724668874260502,0.796137828481726
"277","2c13b3cbd482725b46ee9ebed72ffc7a78586d8e0e13cb893768e851b911c77a","MultiShell 113",0.793737380390272,0.838272416207665
"278","307b43fee7de586f581e69cf494feed7eb5e3299b3a9694a8eae45368386ed33","MultiShell 113",0.777589757036644,0.842415891984859
"279","32ea05228423f71921610b9cef23e0b19f44d0c51dd1ffb467d08fa6881dd060","MultiShell 113",0.763573140429925,0.825529090210093
"280","33178240c8bea8b18b5a2eeb85f4748237442b72f6072dbf199a41304c689cc4","MultiShell 113",0.800200292343123,0.847019929609235
"281","334032c30c1633def71279944063150943c8288eb0c78f3dc895e550c87e7d54","MultiShell 113",0.792290530245339,0.840651881095747
"282","34c763009fd8176740914cb20f061b4d9035179732a2e947c3b489bfe0d50255","MultiShell 113",0.79942513234209,0.843669857168197
"283","362dbd14b53f2299fde6d05b918e736e5155216f641dd1a23ea864a0178625df","MultiShell 113",0.814671779458989,0.866560312255036
"284","3904c880a100e2c3ad5fff66bdb602e8b0dc4fe71bd1a15bd0f57c7d8a1e5164","MultiShell 113",0.725920740423328,0.829700574671142
"285","3e1b423051a2eaa701f4f9d502b4abcc283649e478348a3b621fd10922ca3a9c","MultiShell 113",0.801884306850522,0.852709238138196
"286","41e2c514f4edb477dfd631295132fd9007e2f967e0d111d0a71ca3f01eb91e48","MultiShell 113",0.729629811211869,0.785801859444053
"287","4771fb9705cc91228b468e6d8091a7e9f7635fdf6cb7e770663abe7a45087619","MultiShell 113",0.814094707478715,0.862929078211477
"288","498fc36342f4c68f6660c076aca393a841ed779ed03185cc2db1a5bc3dc2a676","MultiShell 113",0.729055154975959,0.784945622833731
"289","4a0cc2374ed0199a2cb68fc4dbcb39ee538771bb048b5062a52bef38db8f53d4","MultiShell 113",0.77318024011163,0.843067394140722
"290","4b93ac9c186e7301de9d1b31dc18f37079a3dcea8266b1019b255809b83b6ddc","MultiShell 113",0.751657013122812,0.801302598990427
"291","4f3af2aeeaeef41383010a757be6b1f7e731ae8095020c95edf9f3f2a2f4ec43","MultiShell 113",0.772664179317446,0.843014608763079
"292","5b25906ad927b68d19ac46ac17ec472d57869ab76cf42e5a78894b7a3114bf35","MultiShell 113",0.786070142270912,0.849501316981327
"293","6019caaef954ffc7224d5988224a01742246b4abfe43903058c78a75f9e0dd60","MultiShell 113",0.761911333217837,0.808614478114487
"294","611e4b8692fc4d6ca8b25e0688dfffa6533fa95040e71ab72ce9c1d2e4c3aa12","MultiShell 113",0.786655499333602,0.8461967717029
"295","6275cb867e46b90f4c38c14643937c041793a0a7b90580bc1c9a02145a04690e","MultiShell 113",0.764099167537067,0.807013606599941
"296","6542c29519fd6cc45adfa7042b7401594da9417480ba3d4f4c7b973cb1106af8","MultiShell 113",0.794999149645053,0.864211451374846
"297","66396aa9f4ef5b1349328028087f909d4a4eb3bd3e5551929ca199c7cefb3178","MultiShell 113",0.789756326165314,0.839843705386446
"298","6ac320addd77fb08f11a80bbab646e0de71e92230e6c6e2789a4c40cf548c35b","MultiShell 113",0.81211107823451,0.870316784047329
"299","6c691694fbd1132b9cb6518de4d4043b9ba011e11d204acf8c6f73c4af7a198f","MultiShell 113",0.735655580279902,0.796970029968001
"300","738746da8e1d36196b9f5df16985e1f883fdece09bb75f172bc1b22159f85b75","MultiShell 113",0.800514789396485,0.863939264262856
"301","73a1708778ef3d0b695b156ef7dafd4fb95479138a552f500bbb8d38674c0424","MultiShell 113",0.826412828936843,0.862448160982542
"302","7c47caf4bf71d78384d21bfc19b4de9b3512be30f8439138d010159a65810566","MultiShell 113",0.814067114246518,0.866466424948427
"303","7d9886741cd0aedb4201a43bc12fd0902ff7b85f993cee8527138141df9d4b05","MultiShell 113",0.757123190687107,0.808509849077524
"304","7ea22ed6a1d65ea5101dc07130036659a125bd655c7866c258c6f18dd054e848","MultiShell 113",0.74391122863403,0.799395891654396
"305","81494c8d28a62014b872861f341562cbf04fa428b057f91d7a823bf67192a99f","MultiShell 113",0.769507662054124,0.831323654393807
"306","83569a40fd8436f75a7c29b243be082a49dc4a11d5f8e873b1b29a42412fb5f7","MultiShell 113",0.797083311367225,0.867447847919114
"307","84dac7e946d6f9b9fdd07de66a00e21c5e27ac4a670038d5dfe407c1098341af","MultiShell 113",0.788483692055526,0.818947719064005
"308","86b704d6350bccee13d484df86ab8d235d1da1c821a503cdba1032302b6da8d2","MultiShell 113",0.770689749692501,0.821903582472337
"309","870f54db09977eeb4005ec107b17616fa020cb665fa4bd25f196375c8f9e78b1","MultiShell 113",0.81946357806968,0.855791171197241
"310","8769d5f14268a335f1e05d4af631efb57be4362393e27317279ac2647c11271d","MultiShell 113",0.763189082474671,0.809994483892753
"311","88a2cb562317d144baaee93d5e079dbb5e8875f6fb0e184997b5321b95b1d8a1","MultiShell 113",0.804723028129557,0.860890221542244
"312","88c118475c2df34236ce7c4a322602a2a3289ed6ab12838af62069a9ad348c1e","MultiShell 113",0.768955007205289,0.824989713236544
"313","8ca6100895189063ff576d8cd02b42835ab062431a57d7f6d4f9d51ee010829e","MultiShell 113",0.808711154094639,0.861766616392077
"314","8f05041ac26dfad4a90f72f343c49193045693f1e5d7139b3bc310bcccce972a","MultiShell 113",0.789931145547011,0.85323982096334
"315","8f755c106325ca9b552de28c6a8d2ce2c12d466da90775a7beaade38c900c8e1","MultiShell 113",0.802742690168307,0.857586601247284
"316","904b40e50ae962c3d1e24c4f3a64a04c8016b76279deb1e143135c387e363766","MultiShell 113",0.816344384450881,0.863777471633656
"317","90c34e4bdad8740962f28561b042a1fc3eba0b3079935ab34f684b33132b9bb5","MultiShell 113",0.787136009133588,0.845149674374648
"318","910cd1ac036233ad0b226cfd0a6d0a36fe19fc2c0b0b94da3525fbc66dbed941","MultiShell 113",0.828651636045406,0.865516140275039
"319","9353d2680bafc5a40a6e4e5be4208b62bdd4b176c21a22cb3f8e8d1b3b69f56a","MultiShell 113",0.825437936118794,0.859026681869808
"320","940082225c3937a4b99d624bbbfd068539acf4b3fc17346c9b0b87634abd98d2","MultiShell 113",0.807773521390474,0.854950089957723
"321","94aee2f15aa6fde074b02342fcdfbfe8fd3ba7a12e597c3e78b15cf775837a49","MultiShell 113",0.799729566358558,0.832421787559054
"322","94eca59553c90c7fda451c6c9efd39226a3087945e550b5b711c5f329a852fec","MultiShell 113",0.78662795565382,0.854010468542624
"323","988199d8f446a7a266df843042c0e49ff65db09c4d34be377e5f495a15ba175f","MultiShell 113",0.823878598945589,0.872219545464114
"324","9a9022a41a5a6a226e7ce98fe17896ee30df8f1890b9dadeb0746fa880c2a674","MultiShell 113",0.815162350377653,0.863361293846555
"325","9cda8bd74b25f39a42eb2e0c08b96194fb8d7e94557e696c9084008cb73eed4a","MultiShell 113",0.700915042107982,0.807632848642577
"326","9ebcd2a16c9d86f92875d5a03aedf388ced9541a7145f7c9ce6ae00addf0c776","MultiShell 113",0.799389353915658,0.858947161473943
"327","9f344762ad81365f9fa765659f0685d9341d01844fb816ea9d369f90b0070358","MultiShell 113",0.754004413494028,0.819320970188455
"328","9f514b4751abfa44690d7fed2949f8bfddb33a732f15624df2365d7c63f0f7c2","MultiShell 113",0.764163332879958,0.815545489284848
"329","a02776de8ac065eb8c076db311ecfad3d539399e56e7b1ec20f1a0cd71daa6e7","MultiShell 113",0.650836907152608,0.828864937248517
"330","a1845d4b520c8950e8c2c116e7cdfbea36688e39cbdf3175d2b9837607545ceb","MultiShell 113",0.81553534843605,0.862136580495208
"331","a353c6840a57e3afb0af2c7d59cd116ab9483271c0f4c07549a9a7e066fe9bcf","MultiShell 113",0.798427375814797,0.848216944190648
"332","a7e18679f7ccbd9b4c3622ee1ef6756521b870a9c2757d417491449ae3f769a1","MultiShell 113",0.779901485794909,0.820717959776261
"333","aa7c8d82117908c5eaa1cbe3e88fdceeb374448da63bab9d17a17bb79052de08","MultiShell 113",0.786584334837186,0.845157770914547
"334","aae96b76a16a80e3f71efbdfd82979be1cd78b5415bf9ae47a42a6ca4912b622","MultiShell 113",0.825581807268503,0.853110365872449
"335","ab720c5ebbb4dd6aec9039d0dbd859a92e3ceb5db4d36352224b9106753bbc2d","MultiShell 113",0.775507788541692,0.835261012046706
"336","ab7bc2a90db227624c16ca4bdc5bb42d8159ec78e0bb34cd4c0c3f9cd1b771dc","MultiShell 113",0.794094226801087,0.850412957386302
"337","ad726245291e256114050c7a6805a81e932924a05679ef76e3a6304517091637","MultiShell 113",0.752636545583344,0.815863166307368
"338","adc6b180f47ff8b799456caa22efe210fccc5c7d3c6be629ddf592e0e2da4a2b","MultiShell 113",0.80678984363537,0.853766692301166
"339","b4f97cc3a52deec89e128a2d4fcf6e46cd8dc04aec311e758289491a180358e7","MultiShell 113",0.781488891136195,0.838485805395083
"340","b630c332daa809bd8ce48109995bb25d3bda3ff1ca33fa11f12f733834f0f8d9","MultiShell 113",0.816439114632273,0.857902315620855
"341","ba0b4fe34db5e38ff4b9fb59211790c8b7f67e505697a1c5ab247cc9e3eaba28","MultiShell 113",0.73991682165168,0.794179270635283
"342","bb23c88f4534392d2668cdcc95d22b631dfb5dac3df5854ce886a1cc56ded587","MultiShell 113",0.812358511955604,0.870109276049684
"343","bb9ff3366f00df1c2e72cc7918eb3cdfe5ec6d53be79eebebaf30390a5aad849","MultiShell 113",0.766708031910325,0.826459520056257
"344","be6da8318fb7f11ce44c06df097466b5d04a7c84d53ca6b50945d1a87f535ba7","MultiShell 113",0.790678849214614,0.840096331190571
"345","beb1e8c78efe783e415f191934973fafab95b4cba431d384f5204fe46d5d6adc","MultiShell 113",0.800691413240846,0.840459227573535
"346","bf88d0ee2901835c6ff81db575c6f5d1b4ce7946c78030943f51957f35310711","MultiShell 113",0.786718830681992,0.855693475712527
"347","bf942551c8f8e12c2835f026e332ff03fedd78ec78ecfc3c5c9faa8fb987063b","MultiShell 113",0.747364594661529,0.81978629057557
"348","bfebd6557bcbd94d2f78a7472805016494386f1232507229848a37169873f65f","MultiShell 113",0.778670048435027,0.838174827144555
"349","c213029079b297e1df26c37a350110e398637cd042b5ca7e28810b1ec0a5230f","MultiShell 113",0.794557891057575,0.861283383686806
"350","c270284221eb08af5dd86d202e08074db728c71d21c35942b1abb601561b0782","MultiShell 113",0.814354713636739,0.872842580927743
"351","c2f2107e907468e7e337bd604ee61efa9ae52c0428d9807dc62027035267b5af","MultiShell 113",0.780394243145771,0.836576028428286
"352","c451757e7e69d0bf4947a0744fbe750e3de5a3106c9a167e4e6227a9a3003706","MultiShell 113",0.767412603235116,0.833193507155856
"353","c50bfb1220d49e44196eb67ce850903f91f424dcce65a4e690bbd9270c284d6f","MultiShell 113",0.799782112593312,0.857910174104696
"354","c56617f18bde4798a5c311d39871486b385ec10f54da5883d3e9613c693e1336","MultiShell 113",0.795438579309097,0.855901407705122
"355","c5cf31c994a9abb20554a027b03cb8fb611724e6f248941bb427a85fb7ff7993","MultiShell 113",0.645756493212319,0.839535325409681
"356","c6c3f9310f0de85c03af9f5ce738a21c3316884058ecae526aeba454af514bff","MultiShell 113",0.769177211094278,0.82737491890136
"357","c8ed8d8356a242f247480ad05ced32990cf820df0aa8e9232de7eea14617173e","MultiShell 113",0.783120367674987,0.843058596881486
"358","ca669448a40feed2d6e1c0899a7ef3da057034c3e9fb8f939e5cbd2753cb54eb","MultiShell 113",0.750335791670108,0.815508106519642
"359","cbf1c90f3d0400994913a913ff82bcc8f9a59f40f23aa4bb6b57311486361253","MultiShell 113",0.784523993930133,0.835067793129739
"360","cbfe81d2d81fec08842380ef070b2466968444f815651305c05b4f0a267b59a9","MultiShell 113",0.810884640850657,0.860443529360053
"361","ce53191e91f68926646a408c605887770b4022ffac003a7f75e08be3e946b180","MultiShell 113",0.776358694100465,0.827188692352159
"362","cee622d2a743441371849203c6f3ecae526701542ad406f5777e9c83644206ab","MultiShell 113",0.791352051792556,0.839690931472887
"363","d1e1b158d29e770c40ef7c7e8ef955a6e5db86fa8a1dd164b36dca313f4a920c","MultiShell 113",0.81645843970578,NA
"364","d2f0b04b03030de45305fc5a49eb6e1e7f596ba64f1c8919367f7c0c6e464002","MultiShell 113",0.776006181681262,0.838132199064396
"365","d3b1e792ec8d5d541474064601a12182ca5cd009bf1b779fd8581dfcdad66fad","MultiShell 113",0.7685858364907,0.821394016020638
"366","d596e9e16e9dcacc5bfe4118072f878e7d852615e00411deeec60563f12ca6a9","MultiShell 113",0.779578404646877,0.830992000928497
"367","d797e413dd09ac0483c6c0919036b9ab1d87b95cf5e151057fab728188325d30","MultiShell 113",0.80805663815973,0.859056585578877
"368","dc6f4bf015196f0f53dfbb0d6efde9250a5660bad76d014c701f9328e820ac52","MultiShell 113",0.799089136958971,0.868453743045613
"369","de660e9756373a47fcf4c3355069f31e79e9af3e13a4a36fe4c450ed36715c0a","MultiShell 113",0.791896446225292,0.82363036219231
"370","dfa01e6c6a9995260283412190b18c54fe71c895375ed4e00cad319edcb7f449","MultiShell 113",0.716869868057404,0.81815035255612
"371","e09c5df5eeae10f68daab0263a675b590bfab6238909953a0422f2f2d837a4f1","MultiShell 113",0.805115667703076,0.862634997281678
"372","e17d95dfe340d6e0bc3e6f82fe08a3d639a8e618865d58529a37c7067fa6d2b7","MultiShell 113",0.820295944912094,0.868461657363077
"373","e424bc673a337d00cef95a98540f241016b50ef4ec1547cb064b71f959afde8a","MultiShell 113",0.756434928246165,0.835718769520775
"374","e48dda013789d3163e4acb958f664bb9b5b8f6a99d0c7bcf1919dc32278eabdc","MultiShell 113",0.772112133639777,0.830467871476836
"375","e4f1b20c045832198cd0a0f16a9d78556c7538ba04c1e81513a08f4448cac760","MultiShell 113",0.775647375388361,0.835907436772388
"376","e84f9207af43f14166ba072f48e4a7cc36bce1577f45378795f2bd1d9e1d544f","MultiShell 113",0.767976107474441,0.836995957007759
"377","ed46d110890066850a50245e1daa50655f3b21e833d2722b2c947ad736b68477","MultiShell 113",0.786835504705879,0.830704364258509
"378","ee540606891686ef85bb8d98be0facb079db536f42d6f54c9d663d2ba9183bd0","MultiShell 113",0.81469836036299,0.860787042438435
"379","ef7100a9aa090b9417fac134f5ef136f2b2c0a8253c4bc8c7630e10c5b016f9a","MultiShell 113",0.813275438610743,0.854222332366543
"380","efc26723abe26ed609933853db973988feece8484a7fefcf779180785b223569","MultiShell 113",0.730021160830525,0.847362017124199
"381","efdc99f1746ce090ed115be96ac4e370eda7519248dde0e2284e013e928ea9cd","MultiShell 113",0.760326723449128,0.801691003262292
"382","f01e434e5870896b1c4e8a3b65370553549edfb219cba9d03221d239c6c371d1","MultiShell 113",0.722415400377658,0.80067232082235
"383","f0da525e53b45bf529ce3f08bc68e2684cc650b152be37e032d7a8e4f249a8b0","MultiShell 113",0.825283922622367,0.863043505957289
"384","f5e0adbce72af5c26872e66cea0b9508bb882eabab2f0e690fdd45b715d1ee53","MultiShell 113",0.757840365692795,0.797838872260078
"385","f81bcd76719cbe90b3e8e4aa7280076c97d0c7317621288174b8dff1f078b98a","MultiShell 113",0.708456650212004,0.857974682841495
"386","f8a8ff17d589ef24d3ab75141fb75bf8c53be3fb82ed8583cf2df9fad1d6e726","MultiShell 113",0.756311119266836,0.828023212001565
"387","fdfaa1952da00f9773f3dc9d0fbd4228fc1ef706a99a0fa3774a0cff9547dbec","MultiShell 113",0.791474484384661,0.84821889754475
"388","18e4bff79de516c3e19cc834aca5e697069ab9aeffefa5ca25d12d6c98a3aa64","HBN",0.341899840739289,0.382584724568201
"389","1d97f5c9f59266021708031d1392349dc8fbf6973640ca3beea3435e8d5c207c","HBN",0.362277967640396,0.414227519620786
"390","22c7b4cae32dd9e197ede63c15c3143fe4e11d0b1d9dd3850d868bee0dd32b3f","HBN",0.341897578188962,0.394184728736879
"391","23015372eae86e469c04d6adc6637b782c364047906e867861af17baa051b519","HBN",0.373390743904139,0.436449564334957
"392","29dae7ecabcf00bcaae3ec1e2ccae41a86edaab856c480fb2010896102150ebb","HBN",0.358335286813768,0.411933023866907
"393","2a08126f49868b32e5f5050a5b1d9828285c415ab0793c6dd8f5ed83f137a596","HBN",0.339544304679316,0.350648847484367
"394","32539e090c916d070ab9860f7721c546d5d204c210704293a6bdfbee7c80f5ff","HBN",0.355774504629044,0.377650770119185
"395","3b5590a737b7e43267168d220371c7c1dd4a59677f472e893d54563a4f9cb9c7","HBN",0.375285956552503,0.419122714971762
"396","58ea97291436e77297623a621c51e2fa4ce57099b819db343777680da6adef66","HBN",0.36124852826955,0.40005090637899
"397","5b451cfe82e1ac78afa04d3a1dde8338b6e5589f7342ea2bbf81f3e536f2da66","HBN",0.365250230926813,0.41544705201895
"398","5d75b7498500c989b7de9394c235a809ba996e0ecdb92079d141bc536a22ee7c","HBN",0.383740425264756,0.439717146554785
"399","5d91349756155e4df86fa93784031653ab1cb844c5d30a0d3e23c562e4fc58ef","HBN",0.302685597295451,0.322844382580042
"400","5e314b8976bf2b542b6884bcdb90b6abf41550e55f338e47c5633b50d70844c2","HBN",0.249627744839781,0.255486810006523
"401","63204024609bb7a9f8a2a678837bc7b1fef1d2cafbac83dfe5afcda25e5e9464","HBN",0.338274574910814,0.353539142321886
"402","6675bc5fdf613d221450b71ff815541d24bd350b7875ddd0aa713834457b09cf","HBN",0.361236618739052,0.364528619548114
"403","6cde5529941a51e386fd1e72a2730b841e1b236b64710dcae09fc65388c71b0e","HBN",0.353535852271952,0.428804374855446
"404","70792569dda509cbbf2c3e873a2f45c7e812e856c55c08d93b5b0b8bb549881d","HBN",0.252858205972291,0.270739976553338
"405","7229aab8d3a64dd77dfe6625c6d4383d6fe684a36761798d78908a654d30981d","HBN",0.369415307799385,0.394450497284317
"406","7e0178d5d1315fb636267deb23dbff7d1a42380d16f469b4acbaa32078ac5d4b","HBN",0.360731474598731,0.405698345140849
"407","a60065b8d725e82cf23623a44047ef2191f0b17d0a5bde72ab76bcd7a5a209c4","HBN",0.327643940205651,0.417158708145385
"408","b65ae36f6c21b1e72aa8d40e67aa34c09984a9b4c8960f94fbc52367bbe01adb","HBN",0.195240684383006,0.217341124169961
"409","b705a95d6d1da922d89ef60f45aca91a05ab09a17ddc06305d7774a505293f53","HBN",0.27561935841751,0.323999471445931
"410","ba69f0ec4f822aa9d2cb28d1f3c2a64f24a25b9e845bdeb032c872ad423cf35e","HBN",0.36353506313829,0.424992701041289
"411","cc396773f6b5f529eda0eb28e952455986ce10818d97bbf26f40462c3530f893","HBN",0.344063362937586,0.415663640339311
"412","f551283244478f3f142d81741ee6e216273a9e2ac402ddd21e5ec58a0b9c6588","HBN",0.320078879288651,0.334216335536469
"413","f7d4706ac4f4822796a147d8ab3f29e1e566f5822b5ae68c45657a14ea5bfd99","HBN",0.325013735727339,0.379818443098615
"414","fd3e018398f1932ea11c6e0dd81ea57c7927d7cfaa33752ca0cecfef227db6b5","HBN",0.363946395575336,0.405903084690847
